#VRML V2.0 utf8
# 3D model generated by easyeda2kicad.py (https://github.com/uPesy/easyeda2kicad.py)

Shape{
    appearance Appearance {
        material  Material 	{
            diffuseColor 0.5019607843137255 0.5019607843137255 0.5019607843137255
            specularColor 0.25098039215686274 0.25098039215686274 0.25098039215686274
            ambientIntensity 0.502
            transparency 0.0
            shininess 0.5
        }
    }
    geometry IndexedFaceSet {
        ccw TRUE
        solid FALSE
        coord DEF co Coordinate {
            point [
                0.7844 0.3334 1.0276, 0.7808 0.3402 1.0276, 0.2164 -0.2179 1.0276, 0.7874 -0.3183 1.0276, 0.7874 0.3183 1.0276, 0.2331 -0.2453 1.0276, -0.1365 -0.2035 1.0276, -0.0837 -0.2035 1.0276, -0.1521 -0.1603 1.0276, 0.0159 0.0344 1.0276, 0.0159 0.0702 1.0276, -0.1521 0.0702 1.0276, 0.1731 -0.2179 1.0276, 0.0735 -0.2419 1.0276, 0.0303 -0.2419 1.0276, 0.2331 0.3981 1.0276, 0.4643 0.6578 1.0276, 0.4583 0.6627 1.0276, 0.7866 0.326 1.0276, -0.4364 0.6693 1.0276, 0.1731 0.4255 1.0276, 0.4364 0.6693 1.0276, 0.2164 0.4255 1.0276, 0.4441 0.6685 1.0276, 0.4515 0.6663 1.0276, 0.0709 -0.0961 1.0276, 0.0075 -0.0626 1.0276, 0.0891 -0.1074 1.0276, -0.0251 -0.0853 1.0276, -0.1365 0.4399 1.0276, -0.0837 0.4399 1.0276, 0.0735 0.4015 1.0276, 0.0303 0.4015 1.0276, -0.1006 0.4118 1.0276, 0.0303 0.3688 1.0276, -0.1112 0.3781 1.0276, 0.0276 0.3316 1.0276, -0.1137 0.3496 1.0276, -0.1114 0.3236 1.0276, -0.1006 -0.2316 1.0276, 0.0303 -0.2745 1.0276, -0.1112 -0.2653 1.0276, 0.0276 -0.3118 1.0276, -0.1137 -0.2938 1.0276, -0.1114 -0.3197 1.0276, 0.1883 -0.2397 1.0276, 0.0735 -0.2729 1.0276, 0.1996 -0.2675 1.0276, 0.2416 0.123 1.0276, 0.2416 0.0043 1.0276, 0.2394 -0.0257 1.0276, 0.2318 -0.0548 1.0276, 0.22 -0.0772 1.0276, 0.2066 -0.0927 1.0276, -0.033 -0.0901 1.0276, 0.1104 -0.1144 1.0276, 0.1373 -0.1171 1.0276, 0.1076 -0.4102 1.0276, 0.089 -0.3981 1.0276, -0.4364 -0.6693 1.0276, -0.091 0.2209 1.0276, -0.113 0.2359 1.0276, -0.1521 0.123 1.0276, 0.1883 0.4036 1.0276, 0.0735 0.3705 1.0276, 0.1996 0.3759 1.0276, 0.1091 -0.3598 1.0276, 0.121 -0.3643 1.0276, 0.1387 -0.3667 1.0276, 0.1409 -0.3667 1.0276, 0.19 -0.1047 1.0276, 0.1704 -0.1128 1.0276, 0.1433 -0.1169 1.0276, 0.0627 -0.0887 1.0276, 0.0493 -0.0717 1.0276, 0.0201 -0.0496 1.0276, 0.0349 -0.0413 1.0276, 0.0307 -0.0317 1.0276, 0.032 -0.0317 1.0276, -0.4643 0.6578 1.0276, -0.7759 0.3462 1.0276, -0.7808 0.3402 1.0276, -0.7844 0.3334 1.0276, -0.7866 0.326 1.0276, -0.7874 0.3183 1.0276, -0.7874 -0.3183 1.0276, -0.7866 -0.326 1.0276, -0.7844 -0.3334 1.0276, -0.7808 -0.3402 1.0276, -0.7759 -0.3462 1.0276, 0.1091 0.2836 1.0276, 0.121 0.2791 1.0276, 0.1387 0.2767 1.0276, 0.1409 0.2766 1.0276, 0.0265 -0.406 1.0276, 0.0107 -0.4196 1.0276, 0.0749 -0.3825 1.0276, 0.7759 0.3462 1.0276, 0.2435 0.3658 1.0276, 0.2464 0.3352 1.0276, 0.2439 0.3063 1.0276, 0.2363 0.2801 1.0276, 0.1076 0.2332 1.0276, 0.089 0.2452 1.0276, 0.0749 0.2608 1.0276, -0.0423 0.2622 1.0276, -0.0245 0.2641 1.0276, -0.0111 0.2686 1.0276, -0.0423 -0.3811 1.0276, -0.0245 -0.3793 1.0276, -0.0111 -0.3747 1.0276, 0.2435 -0.2775 1.0276, 0.2464 -0.3081 1.0276, 0.7866 -0.326 1.0276, -0.0413 -0.0387 1.0276, -0.0114 -0.0188 1.0276, 0.0023 -0.0057 1.0276, 0.0265 0.2374 1.0276, 0.0107 0.2238 1.0276, -0.1053 0.3036 1.0276, -0.0971 0.2893 1.0276, -0.0863 0.2776 1.0276, -0.1053 -0.3397 1.0276, -0.0971 -0.3541 1.0276, -0.0863 -0.3658 1.0276, 0.0753 -0.3008 1.0276, 0.0808 -0.3245 1.0276, 0.0891 -0.3414 1.0276, 0.193 -0.3413 1.0276, 0.199 -0.3274 1.0276, 0.1571 -0.3653 1.0276, 0.2029 -0.3046 1.0276, 0.2031 -0.2951 1.0276, 0.2084 -0.4008 1.0276, 0.1925 -0.411 1.0276, 0.4364 -0.6693 1.0276, -0.0392 -0.4339 1.0276, -0.0679 -0.4308 1.0276, -0.091 -0.4225 1.0276, -0.113 -0.4075 1.0276, -0.4441 -0.6685 1.0276, -0.1316 -0.3865 1.0276, -0.4515 -0.6663 1.0276, -0.4583 -0.6627 1.0276, 0.0099 0.0062 1.0276, 0.0146 0.0202 1.0276, 0.2236 0.2584 1.0276, 0.2084 0.2426 1.0276, 0.1925 0.2323 1.0276, 0.0008 0.2763 1.0276, 0.0106 0.2867 1.0276, 0.0197 0.3029 1.0276, 0.0753 0.3426 1.0276, 0.0808 0.3188 1.0276, 0.0891 0.302 1.0276, 0.193 0.3021 1.0276, 0.199 0.316 1.0276, 0.1571 0.2781 1.0276, 0.2029 0.3388 1.0276, 0.2031 0.3483 1.0276, 0.0008 -0.3671 1.0276, 0.0106 -0.3566 1.0276, 0.0197 -0.3404 1.0276, 0.0978 -0.3518 1.0276, 0.109 -0.3597 1.0276, 0.188 -0.3484 1.0276, 0.1698 -0.3616 1.0276, 0.1797 -0.3561 1.0276, -0.154 -0.2544 1.0276, -0.146 -0.2235 1.0276, -0.0748 0.2696 1.0276, -0.0609 0.2644 1.0276, 0.0978 0.2916 1.0276, 0.109 0.2836 1.0276, 0.188 0.295 1.0276, 0.1698 0.2818 1.0276, 0.1797 0.2873 1.0276, -0.0748 -0.3737 1.0276, -0.0609 -0.3789 1.0276, 0.7759 -0.3462 1.0276, 0.7808 -0.3402 1.0276, 0.7844 -0.3334 1.0276, -0.1569 -0.2938 1.0276, -0.1521 -0.1027 1.0276, -0.0065 0.215 1.0276, -0.0258 0.2102 1.0276, -0.1316 0.2569 1.0276, -0.1452 0.2822 1.0276, -0.1539 0.313 1.0276, -0.1569 0.3496 1.0276, -0.154 0.3889 1.0276, -0.146 0.4199 1.0276, -0.4583 0.6627 1.0276, -0.4515 0.6663 1.0276, 0.2439 -0.3371 1.0276, 0.2363 -0.3633 1.0276, 0.4643 -0.6578 1.0276, 0.2236 -0.385 1.0276, 0.4583 -0.6627 1.0276, 0.4515 -0.6663 1.0276, -0.0065 -0.4283 1.0276, -0.0258 -0.4331 1.0276, 0.0551 -0.3391 1.0276, 0.0542 -0.3391 1.0276, 0.0612 -0.3574 1.0276, 0.0487 -0.3666 1.0276, 0.039 -0.3891 1.0276, -0.4643 -0.6578 1.0276, -0.1452 -0.3612 1.0276, -0.1539 -0.3303 1.0276, 0.1739 0.2259 1.0276, 0.1531 0.2238 1.0276, 0.1281 0.2263 1.0276, 0.0551 0.3043 1.0276, 0.0542 0.3043 1.0276, 0.0612 0.286 1.0276, 0.0487 0.2767 1.0276, 0.039 0.2543 1.0276, -0.0392 0.2094 1.0276, -0.0679 0.2126 1.0276, -0.4441 0.6685 1.0276, 0.4441 -0.6685 1.0276, 0.1739 -0.4174 1.0276, 0.1531 -0.4195 1.0276, 0.1281 -0.417 1.0276, -0.0165 -0.015 0.0039, -0.0165 -0.0193 0.0039, -0.0204 -0.0195 0.0039, 0.0046 -0.0193 0.0039, -0.0156 0.0158 0.0039, -0.0007 0.0158 0.0039, -0.0007 0.0028 0.0039, 0.0123 -0.0172 0.0039, 0.0123 -0.0129 0.0039, 0.0046 0.0201 0.0039, -0.0007 -0.0015 0.0039, -0.0007 -0.015 0.0039, -0.0146 -0.0015 0.0039, -0.0146 0.0028 0.0039, 0.0651 -0.0193 0.0039, 0.0254 -0.0195 0.0039, 0.0449 -0.0193 0.0039, 0.028 -0.0193 0.0039, 0.0318 -0.0179 0.0039, -0.0156 0.0201 0.0039, -0.0204 0.2362 0.0039, 0.0395 0.0097 0.0039, 0.0372 0.0134 0.0039, 0.0598 0.0201 0.0039, 0.0254 0.0158 0.0039, 0.0283 0.0148 0.0039, 0.013 -0.0133 0.0039, 0.031 0.0129 0.0039, 0.0334 0.0103 0.0039, 0.0363 -0.0 0.0039, 0.0359 -0.0043 0.0039, 0.0348 -0.0077 0.0039, 0.026 -0.015 0.0039, 0.0224 -0.0154 0.0039, 0.0289 -0.014 0.0039, 0.0313 -0.0123 0.0039, 0.0332 -0.0104 0.0039, 0.0171 -0.0149 0.0039, 0.035 0.0073 0.0039, 0.0361 0.0031 0.0039, 0.0349 -0.0159 0.0039, 0.0379 -0.0128 0.0039, 0.0449 -0.015 0.0039, 0.04 -0.0091 0.0039, 0.0598 -0.015 0.0039, 0.0412 -0.0049 0.0039, 0.0416 -0.0003 0.0039, 0.041 0.0053 0.0039, 0.0336 0.0168 0.0039, 0.0299 0.019 0.0039, 0.0255 0.0203 0.0039, 0.0215 0.0206 0.0039, 0.0168 0.0202 0.0039, 0.0123 0.019 0.0039, 0.0123 0.0137 0.0039, 0.0167 0.0156 0.0039, 0.0215 0.0163 0.0039, 0.0651 0.0201 0.0039, 0.7874 0.2362 0.0039, 0.7874 -0.0195 0.0039, 0.0231 -0.0198 0.0039, 0.0204 -0.0195 0.0039, 0.022 -0.0197 0.0039, -0.0204 -0.2362 0.0039, 0.7874 -0.2362 0.0039, -0.7874 -0.2362 0.0039, -0.7874 -0.0195 0.0039, 0.0165 -0.019 0.0039, -0.0646 -0.0193 0.0039, -0.0588 -0.0193 0.0039, -0.0539 -0.0085 0.0039, -0.0517 -0.012 0.0039, -0.0484 -0.0151 0.0039, -0.0443 -0.0175 0.0039, -0.7874 0.2362 0.0039, -0.079 0.0201 0.0039, -0.0737 0.0201 0.0039, -0.0943 -0.0193 0.0039, -0.0886 -0.0193 0.0039, -0.0846 -0.0082 0.0039, -0.0683 -0.0082 0.0039, -0.0242 0.0201 0.0039, -0.0353 0.0201 0.0039, -0.05 0.015 0.0039, -0.0527 0.0119 0.0039, -0.0546 0.0085 0.0039, -0.041 0.0195 0.0039, -0.0456 0.0179 0.0039, -0.0499 0.015 0.0039, -0.0398 -0.0189 0.0039, -0.0349 -0.0193 0.0039, -0.0242 -0.0193 0.0039, -0.0556 0.0046 0.0039, -0.0559 0.0009 0.0039, -0.0554 -0.0044 0.0039, -0.7874 0.3183 0.8307, -0.6926 0.1831 0.8307, -0.7058 0.1228 0.8307, -0.5901 0.4063 0.8307, -0.6228 0.354 0.8307, -0.7759 0.3462 0.8307, -0.651 0.2991 0.8307, -0.7808 0.3402 0.8307, -0.7138 0.0616 0.8307, -0.7164 -0.0 0.8307, -0.7874 -0.3183 0.8307, -0.7138 -0.0616 0.8307, -0.7058 -0.1228 0.8307, -0.6743 0.242 0.8307, -0.7866 0.326 0.8307, -0.7844 0.3334 0.8307, -0.4181 0.5817 0.8307, -0.4643 0.6578 0.8307, -0.4583 0.6627 0.8307, -0.2556 0.6693 0.8307, -0.3122 0.6448 0.8307, -0.4364 0.6693 0.8307, -0.3665 0.6156 0.8307, -0.4441 0.6685 0.8307, -0.4515 0.6663 0.8307, -0.4666 0.5436 0.8307, -0.5117 0.5015 0.8307, -0.5529 0.4556 0.8307, -0.2556 -0.6693 0.8307, -0.4364 -0.6693 0.8307, -0.3122 -0.6448 0.8307, -0.3665 -0.6156 0.8307, -0.6228 -0.354 0.8307, -0.7759 -0.3462 0.8307, -0.651 -0.2991 0.8307, -0.7808 -0.3402 0.8307, -0.5117 -0.5015 0.8307, -0.4643 -0.6578 0.8307, -0.5529 -0.4556 0.8307, -0.5901 -0.4063 0.8307, -0.6926 -0.1831 0.8307, -0.6743 -0.242 0.8307, -0.7866 -0.326 0.8307, -0.7844 -0.3334 0.8307, -0.4181 -0.5817 0.8307, -0.4441 -0.6685 0.8307, -0.4515 -0.6663 0.8307, -0.4666 -0.5436 0.8307, -0.4583 -0.6627 0.8307, 0.6299 -0.7874 0.2008, 0.6299 -0.7874 0.0, 0.6387 -0.7864 0.0, 0.6387 -0.7864 0.2008, 0.647 -0.7835 0.0, 0.647 -0.7835 0.2008, 0.6545 -0.7788 0.0, 0.6545 -0.7788 0.2008, 0.6607 -0.7726 0.0, 0.6607 -0.7726 0.2008, 0.6654 -0.7651 0.0, 0.6654 -0.7651 0.2008, 0.6683 -0.7568 0.0, 0.6683 -0.7568 0.2008, 0.6693 -0.748 0.0, 0.6693 -0.748 0.2008, 0.6693 -0.4691 0.0, 0.6693 -0.4691 0.2008, 0.67 -0.4614 0.2008, 0.67 -0.4614 0.0, 0.6723 -0.454 0.2008, 0.6723 -0.454 0.0, 0.6759 -0.4472 0.2008, 0.6759 -0.4472 0.0, 0.6808 -0.4412 0.2008, 0.6808 -0.4412 0.0, 0.7759 -0.3462 0.0, 0.7759 -0.3462 0.2008, 0.7808 -0.3402 0.0, 0.7808 -0.3402 0.2008, 0.7844 -0.3334 0.0, 0.7844 -0.3334 0.2008, 0.7866 -0.326 0.0, 0.7866 -0.326 0.2008, 0.7874 -0.3183 0.0, 0.7874 -0.3183 0.2008, 0.7874 -0.2362 0.0, 0.7874 0.2362 0.0, 0.7874 0.3183 0.0, 0.7874 0.3183 0.2008, 0.7866 0.326 0.0, 0.7866 0.326 0.2008, 0.7844 0.3334 0.0, 0.7844 0.3334 0.2008, 0.7808 0.3402 0.0, 0.7808 0.3402 0.2008, 0.7759 0.3462 0.0, 0.7759 0.3462 0.2008, 0.6808 0.4412 0.0, 0.6808 0.4412 0.2008, 0.6759 0.4472 0.2008, 0.6759 0.4472 0.0, 0.6723 0.454 0.2008, 0.6723 0.454 0.0, 0.67 0.4614 0.2008, 0.67 0.4614 0.0, 0.6693 0.4691 0.2008, 0.6693 0.4691 0.0, 0.6693 0.748 0.0, 0.6693 0.748 0.2008, 0.6683 0.7568 0.0, 0.6683 0.7568 0.2008, 0.6654 0.7651 0.0, 0.6654 0.7651 0.2008, 0.6607 0.7726 0.0, 0.6607 0.7726 0.2008, 0.6545 0.7788 0.0, 0.6545 0.7788 0.2008, 0.647 0.7835 0.0, 0.647 0.7835 0.2008, 0.6387 0.7864 0.0, 0.6387 0.7864 0.2008, 0.6299 0.7874 0.0, 0.6299 0.7874 0.2008, -0.6299 0.7874 0.0, -0.6299 0.7874 0.2008, -0.6387 0.7864 0.0, -0.6387 0.7864 0.2008, -0.647 0.7835 0.0, -0.647 0.7835 0.2008, -0.6545 0.7788 0.0, -0.6545 0.7788 0.2008, -0.6607 0.7726 0.0, -0.6607 0.7726 0.2008, -0.6654 0.7651 0.0, -0.6654 0.7651 0.2008, -0.6683 0.7568 0.0, -0.6683 0.7568 0.2008, -0.6693 0.748 0.0, -0.6693 0.748 0.2008, -0.6693 0.4691 0.0, -0.6693 0.4691 0.2008, -0.67 0.4614 0.2008, -0.67 0.4614 0.0, -0.6723 0.454 0.2008, -0.6723 0.454 0.0, -0.6759 0.4472 0.2008, -0.6759 0.4472 0.0, -0.6808 0.4412 0.2008, -0.6808 0.4412 0.0, -0.7759 0.3462 0.0, -0.7759 0.3462 0.2008, -0.7808 0.3402 0.0, -0.7808 0.3402 0.2008, -0.7844 0.3334 0.0, -0.7844 0.3334 0.2008, -0.7866 0.326 0.0, -0.7866 0.326 0.2008, -0.7874 0.3183 0.0, -0.7874 0.3183 0.2008, -0.7874 -0.2362 0.0, -0.7874 -0.3183 0.0, -0.7874 -0.3183 0.2008, -0.7874 0.2362 0.0, -0.7866 -0.326 0.0, -0.7866 -0.326 0.2008, -0.7844 -0.3334 0.0, -0.7844 -0.3334 0.2008, -0.7808 -0.3402 0.0, -0.7808 -0.3402 0.2008, -0.7759 -0.3462 0.0, -0.7759 -0.3462 0.2008, -0.6808 -0.4412 0.0, -0.6808 -0.4412 0.2008, -0.6759 -0.4472 0.2008, -0.6759 -0.4472 0.0, -0.6723 -0.454 0.2008, -0.6723 -0.454 0.0, -0.67 -0.4614 0.2008, -0.67 -0.4614 0.0, -0.6693 -0.4691 0.2008, -0.6693 -0.4691 0.0, -0.6693 -0.748 0.0, -0.6693 -0.748 0.2008, -0.6683 -0.7568 0.0, -0.6683 -0.7568 0.2008, -0.6654 -0.7651 0.0, -0.6654 -0.7651 0.2008, -0.6607 -0.7726 0.0, -0.6607 -0.7726 0.2008, -0.6545 -0.7788 0.0, -0.6545 -0.7788 0.2008, -0.647 -0.7835 0.0, -0.647 -0.7835 0.2008, -0.6387 -0.7864 0.0, -0.6387 -0.7864 0.2008, -0.6299 -0.7874 0.0, -0.6299 -0.7874 0.2008, 0.3395 0.6309 0.2008, -0.5395 0.4714 0.2008, -0.4951 0.5178 0.2008, 0.5796 -0.4211 0.2008, 0.6707 0.2517 0.2008, 0.6906 0.1906 0.2008, 0.7049 0.1279 0.2008, 0.3947 0.5979 0.2008, 0.4467 0.5601 0.2008, 0.4951 0.5178 0.2008, -0.3395 -0.6309 0.2008, 0.5395 0.4714 0.2008, 0.5796 0.4211 0.2008, 0.615 0.3675 0.2008, 0.6455 0.3108 0.2008, -0.7135 0.0642 0.2008, -0.7049 0.1279 0.2008, -0.3947 -0.5979 0.2008, -0.4467 -0.5601 0.2008, -0.4951 -0.5178 0.2008, 0.615 -0.3675 0.2008, 0.6455 -0.3108 0.2008, -0.5796 0.4211 0.2008, -0.615 0.3675 0.2008, -0.6455 0.3108 0.2008, 0.5395 -0.4714 0.2008, 0.4951 -0.5178 0.2008, 0.1594 0.6985 0.2008, 0.2214 0.6814 0.2008, 0.2816 0.6588 0.2008, -0.6906 0.1906 0.2008, -0.6707 0.2517 0.2008, 0.7049 -0.1279 0.2008, 0.6906 -0.1906 0.2008, 0.6707 -0.2517 0.2008, -0.3395 0.6309 0.2008, -0.2816 0.6588 0.2008, 0.7135 0.0642 0.2008, 0.7164 0.0 0.2008, 0.7135 -0.0642 0.2008, -0.4467 0.5601 0.2008, -0.6707 -0.2517 0.2008, -0.6906 -0.1906 0.2008, -0.7049 -0.1279 0.2008, -0.1594 -0.6985 0.2008, -0.2214 -0.6814 0.2008, -0.2816 -0.6588 0.2008, -0.3947 0.5979 0.2008, -0.2214 0.6814 0.2008, -0.1594 0.6985 0.2008, -0.0962 0.7099 0.2008, -0.5395 -0.4714 0.2008, -0.5796 -0.4211 0.2008, -0.615 -0.3675 0.2008, -0.6455 -0.3108 0.2008, -0.7135 -0.0642 0.2008, -0.7164 0.0 0.2008, 0.4467 -0.5601 0.2008, -0.0321 0.7157 0.2008, 0.0321 0.7157 0.2008, 0.0962 0.7099 0.2008, 0.3947 -0.5979 0.2008, 0.3395 -0.6309 0.2008, 0.2816 -0.6588 0.2008, 0.2214 -0.6814 0.2008, 0.1594 -0.6985 0.2008, 0.0962 -0.7099 0.2008, 0.0321 -0.7157 0.2008, -0.0321 -0.7157 0.2008, -0.0962 -0.7099 0.2008
            ]
        }
        coordIndex [
            0,1,2,-1,3,4,5,-1,6,7,8,-1,9,10,11,-1,12,8,13,-1,13,8,14,-1,15,16,17,-1,5,4,2,-1,2,4,18,-1,2,18,0,-1,19,20,21,-1,21,20,22,-1,21,22,23,-1,23,22,15,-1,23,15,24,-1,24,15,17,-1,25,26,27,-1,27,26,28,-1,19,29,30,-1,31,30,32,-1,32,30,33,-1,32,33,34,-1,34,33,35,-1,34,35,36,-1,36,35,37,-1,36,37,38,-1,8,7,14,-1,14,7,39,-1,14,39,40,-1,40,39,41,-1,40,41,42,-1,42,41,43,-1,42,43,44,-1,12,13,45,-1,45,13,46,-1,45,46,47,-1,48,49,1,-1,49,50,1,-1,1,50,51,-1,1,51,2,-1,2,51,52,-1,2,52,53,-1,28,54,27,-1,27,54,8,-1,27,8,55,-1,55,8,12,-1,55,12,56,-1,57,58,59,-1,60,61,62,-1,19,30,20,-1,20,30,31,-1,20,31,63,-1,63,31,64,-1,63,64,65,-1,66,67,47,-1,47,67,68,-1,47,68,69,-1,53,70,2,-1,2,70,71,-1,2,71,12,-1,12,71,72,-1,12,72,56,-1,25,73,26,-1,26,73,74,-1,26,74,75,-1,75,74,76,-1,75,76,77,-1,77,76,78,-1,79,80,62,-1,62,80,81,-1,62,81,82,-1,82,83,62,-1,62,83,84,-1,62,84,11,-1,11,84,85,-1,11,85,86,-1,86,87,11,-1,11,87,88,-1,11,88,89,-1,90,91,65,-1,65,91,92,-1,65,92,93,-1,94,95,96,-1,16,15,97,-1,97,15,98,-1,97,98,1,-1,1,98,99,-1,1,99,48,-1,48,99,100,-1,48,100,101,-1,102,103,62,-1,62,103,104,-1,105,106,36,-1,36,106,107,-1,108,109,42,-1,42,109,110,-1,5,111,3,-1,3,111,112,-1,3,112,113,-1,114,115,11,-1,11,115,116,-1,117,118,104,-1,38,119,36,-1,36,119,120,-1,36,120,121,-1,44,122,42,-1,42,122,123,-1,42,123,124,-1,46,125,47,-1,47,125,126,-1,47,126,127,-1,128,129,130,-1,130,129,131,-1,130,131,69,-1,69,131,132,-1,69,132,47,-1,133,134,135,-1,136,137,59,-1,137,138,59,-1,59,138,139,-1,59,139,140,-1,140,139,141,-1,140,141,142,-1,142,141,143,-1,116,144,11,-1,11,144,145,-1,11,145,9,-1,101,146,48,-1,48,146,147,-1,48,147,148,-1,149,150,107,-1,107,150,151,-1,107,151,36,-1,64,152,65,-1,65,152,153,-1,65,153,154,-1,155,156,157,-1,157,156,158,-1,157,158,93,-1,93,158,159,-1,93,159,65,-1,160,161,110,-1,110,161,162,-1,110,162,42,-1,127,163,47,-1,47,163,164,-1,47,164,66,-1,128,130,165,-1,165,130,166,-1,165,166,167,-1,168,169,89,-1,121,170,36,-1,36,170,171,-1,36,171,105,-1,154,172,65,-1,65,172,173,-1,65,173,90,-1,155,157,174,-1,174,157,175,-1,174,175,176,-1,124,177,42,-1,42,177,178,-1,42,178,108,-1,179,180,112,-1,112,180,181,-1,112,181,113,-1,168,89,182,-1,114,11,183,-1,183,11,89,-1,183,89,8,-1,8,89,169,-1,8,169,6,-1,104,118,62,-1,62,118,184,-1,62,184,185,-1,61,186,62,-1,62,186,187,-1,62,187,79,-1,79,187,188,-1,79,188,189,-1,189,190,79,-1,79,190,191,-1,79,191,192,-1,192,191,193,-1,112,194,179,-1,179,194,195,-1,179,195,196,-1,196,195,197,-1,196,197,198,-1,198,197,199,-1,96,95,58,-1,58,95,200,-1,58,200,59,-1,59,200,201,-1,59,201,136,-1,202,203,204,-1,204,203,205,-1,204,205,96,-1,96,205,206,-1,96,206,94,-1,143,141,207,-1,207,141,208,-1,207,208,89,-1,89,208,209,-1,89,209,182,-1,148,210,48,-1,48,210,211,-1,48,211,62,-1,62,211,212,-1,62,212,102,-1,213,214,215,-1,215,214,216,-1,215,216,104,-1,104,216,217,-1,104,217,117,-1,185,218,62,-1,62,218,219,-1,62,219,60,-1,29,19,191,-1,191,19,220,-1,191,220,193,-1,133,135,197,-1,197,135,221,-1,197,221,199,-1,134,222,135,-1,135,222,223,-1,135,223,59,-1,59,223,224,-1,59,224,57,-1,225,226,227,-1,227,226,228,-1,229,230,231,-1,232,228,233,-1,233,228,234,-1,235,236,237,-1,237,236,225,-1,237,225,238,-1,239,240,241,-1,241,240,242,-1,241,242,243,-1,231,238,229,-1,229,238,225,-1,229,225,244,-1,244,225,245,-1,244,245,234,-1,246,247,248,-1,249,250,251,-1,251,250,252,-1,251,252,253,-1,254,255,251,-1,251,255,256,-1,257,258,259,-1,259,258,260,-1,256,261,251,-1,251,261,260,-1,251,260,262,-1,262,260,258,-1,253,263,251,-1,251,263,264,-1,251,264,254,-1,243,265,241,-1,241,265,266,-1,241,266,267,-1,267,266,268,-1,267,268,269,-1,268,270,269,-1,269,270,271,-1,269,271,248,-1,248,271,272,-1,248,272,246,-1,273,274,245,-1,245,274,275,-1,245,275,276,-1,276,277,245,-1,245,277,278,-1,245,278,234,-1,234,278,279,-1,234,279,233,-1,233,279,280,-1,233,280,251,-1,251,280,281,-1,251,281,249,-1,247,273,248,-1,248,273,245,-1,248,245,282,-1,282,245,283,-1,282,283,239,-1,239,283,284,-1,239,284,240,-1,240,284,285,-1,286,287,288,-1,288,287,285,-1,288,285,289,-1,289,285,284,-1,290,291,288,-1,288,291,227,-1,288,227,286,-1,286,227,228,-1,286,228,292,-1,292,228,232,-1,293,294,227,-1,295,296,294,-1,294,296,297,-1,294,297,298,-1,299,245,300,-1,300,245,301,-1,299,300,291,-1,291,300,302,-1,291,302,227,-1,227,302,303,-1,227,303,293,-1,293,303,304,-1,293,304,305,-1,225,227,245,-1,245,227,306,-1,245,306,307,-1,308,309,301,-1,301,309,310,-1,307,311,245,-1,245,311,312,-1,245,312,301,-1,301,312,313,-1,301,313,308,-1,298,314,294,-1,294,314,315,-1,294,315,227,-1,227,315,316,-1,227,316,306,-1,310,317,301,-1,301,317,318,-1,301,318,294,-1,294,318,319,-1,294,319,295,-1,320,321,322,-1,323,324,325,-1,325,324,326,-1,325,326,327,-1,322,328,320,-1,320,328,329,-1,320,329,330,-1,330,329,331,-1,330,331,332,-1,321,320,333,-1,333,320,334,-1,333,334,326,-1,326,334,335,-1,326,335,327,-1,336,337,338,-1,339,340,341,-1,341,340,342,-1,341,342,343,-1,343,342,336,-1,343,336,344,-1,344,336,338,-1,336,345,337,-1,337,345,346,-1,337,346,325,-1,325,346,347,-1,325,347,323,-1,348,349,350,-1,350,349,351,-1,352,353,354,-1,354,353,355,-1,356,357,358,-1,358,357,353,-1,358,353,359,-1,359,353,352,-1,332,360,330,-1,330,360,361,-1,330,361,362,-1,362,361,354,-1,362,354,363,-1,363,354,355,-1,351,349,364,-1,364,349,365,-1,364,365,366,-1,356,367,357,-1,357,367,364,-1,357,364,368,-1,368,364,366,-1,369,370,371,-1,369,371,372,-1,372,371,373,-1,372,373,374,-1,374,373,375,-1,374,375,376,-1,376,375,377,-1,376,377,378,-1,378,377,379,-1,378,379,380,-1,380,379,381,-1,380,381,382,-1,382,381,383,-1,382,383,384,-1,385,386,383,-1,383,386,384,-1,386,385,387,-1,387,385,388,-1,387,388,389,-1,389,388,390,-1,389,390,391,-1,391,390,392,-1,391,392,393,-1,393,392,394,-1,395,396,394,-1,394,396,393,-1,396,395,397,-1,396,397,398,-1,398,397,399,-1,398,399,400,-1,400,399,401,-1,400,401,402,-1,402,401,403,-1,402,403,404,-1,404,403,405,-1,406,407,283,-1,283,407,408,-1,283,408,284,-1,284,408,404,-1,284,404,289,-1,289,404,405,-1,408,407,409,-1,408,409,410,-1,410,409,411,-1,410,411,412,-1,412,411,413,-1,412,413,414,-1,414,413,415,-1,414,415,416,-1,417,418,415,-1,415,418,416,-1,418,417,419,-1,419,417,420,-1,419,420,421,-1,421,420,422,-1,421,422,423,-1,423,422,424,-1,423,424,425,-1,425,424,426,-1,427,428,426,-1,426,428,425,-1,428,427,429,-1,428,429,430,-1,430,429,431,-1,430,431,432,-1,432,431,433,-1,432,433,434,-1,434,433,435,-1,434,435,436,-1,436,435,437,-1,436,437,438,-1,438,437,439,-1,438,439,440,-1,440,439,441,-1,440,441,442,-1,443,444,441,-1,441,444,442,-1,444,443,445,-1,444,445,446,-1,446,445,447,-1,446,447,448,-1,448,447,449,-1,448,449,450,-1,450,449,451,-1,450,451,452,-1,452,451,453,-1,452,453,454,-1,454,453,455,-1,454,455,456,-1,456,455,457,-1,456,457,458,-1,459,460,457,-1,457,460,458,-1,460,459,461,-1,461,459,462,-1,461,462,463,-1,463,462,464,-1,463,464,465,-1,465,464,466,-1,465,466,467,-1,467,466,468,-1,469,470,468,-1,468,470,467,-1,470,469,471,-1,470,471,472,-1,472,471,473,-1,472,473,474,-1,474,473,475,-1,474,475,476,-1,476,475,477,-1,476,477,478,-1,479,480,290,-1,290,480,481,-1,477,482,478,-1,478,482,299,-1,478,299,481,-1,481,299,291,-1,481,291,290,-1,481,480,483,-1,481,483,484,-1,484,483,485,-1,484,485,486,-1,486,485,487,-1,486,487,488,-1,488,487,489,-1,488,489,490,-1,491,492,489,-1,489,492,490,-1,492,491,493,-1,493,491,494,-1,493,494,495,-1,495,494,496,-1,495,496,497,-1,497,496,498,-1,497,498,499,-1,499,498,500,-1,501,502,500,-1,500,502,499,-1,502,501,503,-1,502,503,504,-1,504,503,505,-1,504,505,506,-1,506,505,507,-1,506,507,508,-1,508,507,509,-1,508,509,510,-1,510,509,511,-1,510,511,512,-1,512,511,513,-1,512,513,514,-1,514,513,515,-1,514,515,516,-1,370,369,515,-1,515,369,516,-1,423,517,421,-1,421,517,419,-1,518,519,461,-1,520,389,391,-1,410,521,408,-1,408,521,522,-1,408,522,523,-1,517,524,419,-1,419,524,525,-1,419,525,526,-1,497,527,495,-1,495,527,493,-1,526,528,419,-1,419,528,529,-1,419,529,418,-1,418,529,530,-1,418,530,416,-1,416,530,531,-1,416,531,414,-1,414,531,521,-1,414,521,412,-1,412,521,410,-1,467,532,465,-1,465,532,533,-1,527,534,493,-1,493,534,535,-1,493,535,536,-1,520,391,537,-1,537,391,393,-1,537,393,538,-1,518,461,539,-1,539,461,463,-1,539,463,540,-1,540,463,465,-1,540,465,541,-1,389,520,387,-1,387,520,542,-1,387,542,543,-1,544,545,442,-1,442,545,546,-1,442,546,517,-1,533,547,465,-1,465,547,548,-1,465,548,541,-1,549,550,404,-1,404,550,551,-1,404,551,402,-1,444,552,553,-1,523,554,408,-1,408,554,555,-1,408,555,404,-1,404,555,556,-1,404,556,549,-1,393,396,538,-1,538,396,398,-1,538,398,551,-1,551,398,400,-1,551,400,402,-1,557,458,519,-1,519,458,460,-1,519,460,461,-1,484,558,481,-1,481,558,559,-1,481,559,560,-1,561,562,516,-1,516,562,563,-1,516,563,527,-1,446,557,444,-1,444,557,564,-1,444,564,552,-1,553,565,444,-1,444,565,566,-1,444,566,567,-1,536,568,493,-1,493,568,569,-1,493,569,492,-1,492,569,570,-1,492,570,490,-1,490,570,571,-1,490,571,488,-1,488,571,558,-1,488,558,486,-1,486,558,484,-1,467,470,532,-1,532,470,472,-1,532,472,474,-1,560,572,481,-1,481,572,573,-1,481,573,478,-1,478,573,532,-1,478,532,476,-1,476,532,474,-1,446,448,557,-1,557,448,450,-1,557,450,452,-1,423,425,517,-1,517,425,428,-1,517,428,430,-1,430,432,517,-1,517,432,434,-1,517,434,436,-1,436,438,517,-1,517,438,440,-1,517,440,442,-1,574,384,543,-1,543,384,386,-1,543,386,387,-1,452,454,557,-1,557,454,456,-1,557,456,458,-1,567,575,444,-1,444,575,576,-1,444,576,442,-1,442,576,577,-1,442,577,544,-1,374,376,574,-1,574,376,378,-1,578,579,369,-1,369,579,580,-1,580,581,369,-1,369,581,582,-1,369,582,583,-1,578,369,574,-1,574,369,372,-1,574,372,374,-1,497,499,527,-1,527,499,502,-1,527,502,504,-1,504,506,527,-1,527,506,508,-1,527,508,510,-1,510,512,527,-1,527,512,514,-1,527,514,516,-1,378,380,574,-1,574,380,382,-1,574,382,384,-1,583,584,369,-1,369,584,585,-1,369,585,516,-1,516,585,586,-1,516,586,561,-1,
        ]
    }
}
Shape{
    appearance Appearance {
        material  Material 	{
            diffuseColor 0.25098039215686274 0.25098039215686274 0.25098039215686274
            specularColor 0.12549019607843137 0.12549019607843137 0.12549019607843137
            ambientIntensity 0.251
            transparency 0.0
            shininess 0.5
        }
    }
    geometry IndexedFaceSet {
        ccw TRUE
        solid FALSE
        coord DEF co Coordinate {
            point [
                0.6021 0.0 0.7422, 0.5909 0.0 0.6936, 0.5999 0.0518 0.7422, 0.5881 0.0579 0.6936, 0.5796 0.1153 0.6936, 0.5932 0.1032 0.7422, 0.5989 0.059 0.7422, 0.5655 0.1715 0.6936, 0.5821 0.1539 0.7422, 0.5901 0.1174 0.7422, 0.5459 0.2261 0.6936, 0.5667 0.2034 0.7422, 0.5756 0.1746 0.7422, 0.5212 0.2786 0.6936, 0.5471 0.2514 0.7422, 0.5557 0.2302 0.7422, 0.4913 0.3283 0.6936, 0.5234 0.2975 0.7422, 0.5306 0.2836 0.7422, 0.4568 0.3749 0.6936, 0.4959 0.3415 0.7422, 0.5004 0.3343 0.7422, 0.4256 0.4256 0.7422, 0.43 0.4214 0.7422, 0.4179 0.4179 0.6936, 0.4647 0.3829 0.7422, 0.4654 0.3819 0.7422, 0.3922 0.4569 0.7422, 0.3749 0.4568 0.6936, 0.3817 0.4651 0.7422, 0.3514 0.4889 0.7422, 0.3283 0.4913 0.6936, 0.3342 0.5002 0.7422, 0.308 0.5173 0.7422, 0.2786 0.5212 0.6936, 0.2836 0.5305 0.7422, 0.2624 0.5419 0.7422, 0.2261 0.5459 0.6936, 0.2302 0.5558 0.7422, 0.1715 0.5655 0.6936, 0.1748 0.5763 0.7436, 0.1846 0.5733 0.743, 0.2148 0.5625 0.7422, 0.1153 0.5796 0.6936, 0.1244 0.5905 0.7476, 0.1545 0.5827 0.745, 0.0593 0.6019 0.7529, 0.0647 0.6014 0.7526, 0.0579 0.5881 0.6936, 0.0945 0.5968 0.7503, 0.1177 0.5919 0.7482, 0.0321 0.6045 0.7544, 0.0 0.5909 0.6936, 0.0018 0.6055 0.755, -0.0579 0.5881 0.6936, -0.0285 0.6047 0.7545, 0.0 0.6055 0.755, -0.1153 0.5796 0.6936, -0.0904 0.5975 0.7506, -0.0591 0.6021 0.753, -0.1715 0.5655 0.6936, -0.1748 0.5764 0.7436, -0.1698 0.5781 0.7439, -0.1543 0.5827 0.745, -0.1222 0.5911 0.7478, -0.1177 0.592 0.7482, -0.2261 0.5459 0.6936, -0.2148 0.5625 0.7422, -0.2 0.5679 0.7424, -0.2786 0.5212 0.6936, -0.2624 0.5419 0.7422, -0.2302 0.5558 0.7422, -0.3283 0.4913 0.6936, -0.308 0.5173 0.7422, -0.2836 0.5305 0.7422, -0.3749 0.4568 0.6936, -0.3514 0.4889 0.7422, -0.3342 0.5002 0.7422, -0.43 0.4214 0.7422, -0.4256 0.4256 0.7422, -0.4179 0.4179 0.6936, -0.3922 0.4569 0.7422, -0.3817 0.4651 0.7422, -0.4647 0.3829 0.7422, -0.4568 0.3749 0.6936, -0.4654 0.3819 0.7422, -0.4959 0.3415 0.7422, -0.4913 0.3283 0.6936, -0.5004 0.3343 0.7422, -0.5234 0.2975 0.7422, -0.5212 0.2786 0.6936, -0.5306 0.2836 0.7422, -0.5471 0.2514 0.7422, -0.5459 0.2261 0.6936, -0.5557 0.2302 0.7422, -0.5667 0.2034 0.7422, -0.5655 0.1715 0.6936, -0.5756 0.1746 0.7422, -0.5821 0.1539 0.7422, -0.5796 0.1153 0.6936, -0.5901 0.1174 0.7422, -0.5932 0.1032 0.7422, -0.5881 0.0579 0.6936, -0.5989 0.059 0.7422, -0.5999 0.0518 0.7422, -0.5909 0.0 0.6936, -0.6021 0.0 0.7422, 0.6021 0.0 0.2893, 0.5997 0.054 0.2893, 0.5875 0.0 0.3557, 0.5847 0.0576 0.3557, 0.599 0.059 0.2893, 0.5924 0.1075 0.2893, 0.5762 0.1146 0.3557, 0.5902 0.1174 0.2893, 0.5804 0.1602 0.2893, 0.5622 0.1706 0.3557, 0.5757 0.1746 0.2893, 0.5637 0.2116 0.2893, 0.5428 0.2248 0.3557, 0.5557 0.2302 0.2893, 0.5425 0.2612 0.2893, 0.5182 0.277 0.3557, 0.5305 0.2835 0.2893, 0.5169 0.3088 0.2893, 0.4885 0.3264 0.3557, 0.5001 0.3342 0.2893, 0.4871 0.3539 0.2893, 0.4542 0.3727 0.3557, 0.465 0.3816 0.2893, 0.4534 0.3961 0.2893, 0.4155 0.4155 0.3557, 0.4254 0.4254 0.2893, 0.4161 0.4352 0.2893, 0.3727 0.4542 0.3557, 0.3344 0.5005 0.2893, 0.3264 0.4885 0.3557, 0.3754 0.4707 0.2893, 0.3817 0.4652 0.2893, 0.3317 0.5025 0.2893, 0.2853 0.5302 0.2893, 0.277 0.5182 0.3557, 0.2838 0.5309 0.2893, 0.2366 0.5536 0.2893, 0.2248 0.5428 0.3557, 0.2303 0.556 0.2893, 0.1861 0.5726 0.2893, 0.1706 0.5622 0.3557, 0.1747 0.5758 0.2893, 0.134 0.587 0.2893, 0.1146 0.5762 0.3557, 0.1174 0.59 0.2893, 0.0808 0.5966 0.2893, 0.0576 0.5847 0.3557, 0.059 0.5986 0.2893, 0.027 0.6015 0.2893, 0.0 0.5875 0.3557, 0.0 0.6015 0.2893, -0.027 0.6015 0.2893, -0.0576 0.5847 0.3557, -0.059 0.5986 0.2893, -0.0808 0.5966 0.2893, -0.1146 0.5762 0.3557, -0.1174 0.59 0.2893, -0.134 0.587 0.2893, -0.1706 0.5622 0.3557, -0.1747 0.5758 0.2893, -0.1861 0.5726 0.2893, -0.2248 0.5428 0.3557, -0.2303 0.556 0.2893, -0.2366 0.5536 0.2893, -0.277 0.5182 0.3557, -0.3317 0.5025 0.2893, -0.3264 0.4885 0.3557, -0.2853 0.5302 0.2893, -0.2838 0.5309 0.2893, -0.3344 0.5005 0.2893, -0.3754 0.4707 0.2893, -0.3727 0.4542 0.3557, -0.3817 0.4652 0.2893, -0.4161 0.4352 0.2893, -0.4155 0.4155 0.3557, -0.4254 0.4254 0.2893, -0.4534 0.3961 0.2893, -0.4542 0.3727 0.3557, -0.465 0.3816 0.2893, -0.4871 0.3539 0.2893, -0.4885 0.3264 0.3557, -0.5001 0.3342 0.2893, -0.5169 0.3088 0.2893, -0.5182 0.277 0.3557, -0.5305 0.2835 0.2893, -0.5425 0.2612 0.2893, -0.5428 0.2248 0.3557, -0.5557 0.2302 0.2893, -0.5637 0.2116 0.2893, -0.5622 0.1706 0.3557, -0.5757 0.1746 0.2893, -0.5804 0.1602 0.2893, -0.5762 0.1146 0.3557, -0.5902 0.1174 0.2893, -0.5924 0.1075 0.2893, -0.5847 0.0576 0.3557, -0.6021 0.0 0.2893, -0.5875 0.0 0.3557, -0.5997 0.054 0.2893, -0.599 0.059 0.2893, -0.578 0.0 0.423, -0.5752 0.0567 0.423, -0.5669 0.1128 0.423, -0.5531 0.1678 0.423, -0.534 0.2212 0.423, -0.5098 0.2725 0.423, -0.4806 0.3211 0.423, -0.4468 0.3667 0.423, -0.4087 0.4087 0.423, -0.3667 0.4468 0.423, -0.3211 0.4806 0.423, -0.2725 0.5098 0.423, -0.2212 0.534 0.423, -0.1678 0.5531 0.423, -0.1128 0.5669 0.423, -0.0567 0.5752 0.423, 0.0 0.578 0.423, 0.0567 0.5752 0.423, 0.1128 0.5669 0.423, 0.1678 0.5531 0.423, 0.2212 0.534 0.423, 0.2725 0.5098 0.423, 0.3211 0.4806 0.423, 0.3667 0.4468 0.423, 0.4087 0.4087 0.423, 0.4468 0.3667 0.423, 0.4806 0.3211 0.423, 0.5098 0.2725 0.423, 0.534 0.2212 0.423, 0.5531 0.1678 0.423, 0.5669 0.1128 0.423, 0.5752 0.0567 0.423, 0.578 0.0 0.423, -0.5736 0.0 0.4908, -0.5708 0.0562 0.4908, -0.5626 0.1119 0.4908, -0.5489 0.1665 0.4908, -0.5299 0.2195 0.4908, -0.5059 0.2704 0.4908, -0.4769 0.3187 0.4908, -0.4434 0.3639 0.4908, -0.4056 0.4056 0.4908, -0.3639 0.4434 0.4908, -0.3187 0.4769 0.4908, -0.2704 0.5059 0.4908, -0.2195 0.5299 0.4908, -0.1665 0.5489 0.4908, -0.1119 0.5626 0.4908, -0.0562 0.5708 0.4908, 0.0 0.5736 0.4908, 0.0562 0.5708 0.4908, 0.1119 0.5626 0.4908, 0.1665 0.5489 0.4908, 0.2195 0.5299 0.4908, 0.2704 0.5059 0.4908, 0.3187 0.4769 0.4908, 0.3639 0.4434 0.4908, 0.4056 0.4056 0.4908, 0.4434 0.3639 0.4908, 0.4769 0.3187 0.4908, 0.5059 0.2704 0.4908, 0.5299 0.2195 0.4908, 0.5489 0.1665 0.4908, 0.5626 0.1119 0.4908, 0.5708 0.0562 0.4908, 0.5736 0.0 0.4908, -0.5743 0.0 0.5588, -0.5715 0.0563 0.5588, -0.5632 0.112 0.5588, -0.5495 0.1667 0.5588, -0.5306 0.2198 0.5588, -0.5065 0.2707 0.5588, -0.4775 0.3191 0.5588, -0.4439 0.3643 0.5588, -0.4061 0.4061 0.5588, -0.3643 0.4439 0.5588, -0.3191 0.4775 0.5588, -0.2707 0.5065 0.5588, -0.2198 0.5306 0.5588, -0.1667 0.5495 0.5588, -0.112 0.5632 0.5588, -0.0563 0.5715 0.5588, 0.0 0.5743 0.5588, 0.0563 0.5715 0.5588, 0.112 0.5632 0.5588, 0.1667 0.5495 0.5588, 0.2198 0.5306 0.5588, 0.2707 0.5065 0.5588, 0.3191 0.4775 0.5588, 0.3643 0.4439 0.5588, 0.4061 0.4061 0.5588, 0.4439 0.3643 0.5588, 0.4775 0.3191 0.5588, 0.5065 0.2707 0.5588, 0.5306 0.2198 0.5588, 0.5495 0.1667 0.5588, 0.5632 0.112 0.5588, 0.5715 0.0563 0.5588, 0.5743 0.0 0.5588, -0.5801 0.0 0.6265, -0.5773 0.0569 0.6265, -0.5689 0.1132 0.6265, -0.5551 0.1684 0.6265, -0.5359 0.222 0.6265, -0.5116 0.2734 0.6265, -0.4823 0.3223 0.6265, -0.4484 0.368 0.6265, -0.4102 0.4102 0.6265, -0.368 0.4484 0.6265, -0.3223 0.4823 0.6265, -0.2734 0.5116 0.6265, -0.222 0.5359 0.6265, -0.1684 0.5551 0.6265, -0.1132 0.5689 0.6265, -0.0569 0.5773 0.6265, 0.0 0.5801 0.6265, 0.0569 0.5773 0.6265, 0.1132 0.5689 0.6265, 0.1684 0.5551 0.6265, 0.222 0.5359 0.6265, 0.2734 0.5116 0.6265, 0.3223 0.4823 0.6265, 0.368 0.4484 0.6265, 0.4102 0.4102 0.6265, 0.4484 0.368 0.6265, 0.4823 0.3223 0.6265, 0.5116 0.2734 0.6265, 0.5359 0.222 0.6265, 0.5551 0.1684 0.6265, 0.5689 0.1132 0.6265, 0.5773 0.0569 0.6265, 0.5801 0.0 0.6265, 0.0647 -0.6014 0.7526, 0.0593 -0.6019 0.7529, 0.0579 -0.5881 0.6936, -0.5999 -0.0518 0.7422, -0.5881 -0.0579 0.6936, -0.5796 -0.1153 0.6936, -0.5932 -0.1032 0.7422, -0.5989 -0.059 0.7422, -0.5655 -0.1715 0.6936, -0.5821 -0.1539 0.7422, -0.5901 -0.1174 0.7422, -0.5459 -0.2261 0.6936, -0.5667 -0.2034 0.7422, -0.5756 -0.1746 0.7422, -0.5212 -0.2786 0.6936, -0.5471 -0.2514 0.7422, -0.5557 -0.2302 0.7422, -0.4913 -0.3283 0.6936, -0.5234 -0.2975 0.7422, -0.5306 -0.2836 0.7422, -0.4568 -0.3749 0.6936, -0.4959 -0.3415 0.7422, -0.5004 -0.3343 0.7422, -0.4256 -0.4256 0.7422, -0.43 -0.4214 0.7422, -0.4179 -0.4179 0.6936, -0.4647 -0.3829 0.7422, -0.4654 -0.3819 0.7422, -0.3922 -0.4569 0.7422, -0.3749 -0.4568 0.6936, -0.3817 -0.4651 0.7422, -0.3514 -0.4889 0.7422, -0.3283 -0.4913 0.6936, -0.3342 -0.5002 0.7422, -0.308 -0.5173 0.7422, -0.2786 -0.5212 0.6936, -0.2836 -0.5305 0.7422, -0.2624 -0.5419 0.7422, -0.2261 -0.5459 0.6936, -0.2302 -0.5558 0.7422, -0.1698 -0.5781 0.7439, -0.1748 -0.5764 0.7436, -0.1715 -0.5655 0.6936, -0.2 -0.5679 0.7424, -0.2148 -0.5625 0.7422, -0.1153 -0.5796 0.6936, -0.1222 -0.5911 0.7478, -0.1543 -0.5827 0.745, -0.0579 -0.5881 0.6936, -0.0904 -0.5975 0.7506, -0.1177 -0.592 0.7482, 0.0018 -0.6055 0.755, 0.0 -0.6055 0.755, 0.0 -0.5909 0.6936, -0.0285 -0.6047 0.7545, -0.0591 -0.6021 0.753, 0.0321 -0.6045 0.7544, 0.1748 -0.5763 0.7436, 0.1545 -0.5827 0.745, 0.1715 -0.5655 0.6936, 0.1244 -0.5905 0.7476, 0.1153 -0.5796 0.6936, 0.1177 -0.5919 0.7482, 0.0945 -0.5968 0.7503, 0.2261 -0.5459 0.6936, 0.2148 -0.5625 0.7422, 0.1846 -0.5733 0.743, 0.2786 -0.5212 0.6936, 0.2624 -0.5419 0.7422, 0.2302 -0.5558 0.7422, 0.3283 -0.4913 0.6936, 0.308 -0.5173 0.7422, 0.2836 -0.5305 0.7422, 0.3749 -0.4568 0.6936, 0.3514 -0.4889 0.7422, 0.3342 -0.5002 0.7422, 0.43 -0.4214 0.7422, 0.4256 -0.4256 0.7422, 0.4179 -0.4179 0.6936, 0.3922 -0.4569 0.7422, 0.3817 -0.4651 0.7422, 0.4647 -0.3829 0.7422, 0.4568 -0.3749 0.6936, 0.4654 -0.3819 0.7422, 0.4959 -0.3415 0.7422, 0.4913 -0.3283 0.6936, 0.5004 -0.3343 0.7422, 0.5234 -0.2975 0.7422, 0.5212 -0.2786 0.6936, 0.5306 -0.2836 0.7422, 0.5471 -0.2514 0.7422, 0.5459 -0.2261 0.6936, 0.5557 -0.2302 0.7422, 0.5667 -0.2034 0.7422, 0.5655 -0.1715 0.6936, 0.5756 -0.1746 0.7422, 0.5821 -0.1539 0.7422, 0.5796 -0.1153 0.6936, 0.5901 -0.1174 0.7422, 0.5932 -0.1032 0.7422, 0.5881 -0.0579 0.6936, 0.5989 -0.059 0.7422, 0.5999 -0.0518 0.7422, -0.5997 -0.054 0.2893, -0.5847 -0.0576 0.3557, -0.599 -0.059 0.2893, -0.5924 -0.1075 0.2893, -0.5762 -0.1146 0.3557, -0.5902 -0.1174 0.2893, -0.5804 -0.1602 0.2893, -0.5622 -0.1706 0.3557, -0.5757 -0.1746 0.2893, -0.5637 -0.2116 0.2893, -0.5428 -0.2248 0.3557, -0.5557 -0.2302 0.2893, -0.5425 -0.2612 0.2893, -0.5182 -0.277 0.3557, -0.5305 -0.2835 0.2893, -0.5169 -0.3088 0.2893, -0.4885 -0.3264 0.3557, -0.5001 -0.3342 0.2893, -0.4871 -0.3539 0.2893, -0.4542 -0.3727 0.3557, -0.465 -0.3816 0.2893, -0.4534 -0.3961 0.2893, -0.4155 -0.4155 0.3557, -0.4254 -0.4254 0.2893, -0.4161 -0.4352 0.2893, -0.3727 -0.4542 0.3557, -0.3344 -0.5005 0.2893, -0.3264 -0.4885 0.3557, -0.3754 -0.4707 0.2893, -0.3817 -0.4652 0.2893, -0.3317 -0.5025 0.2893, -0.2853 -0.5302 0.2893, -0.277 -0.5182 0.3557, -0.2838 -0.5309 0.2893, -0.2366 -0.5536 0.2893, -0.2248 -0.5428 0.3557, -0.2303 -0.556 0.2893, -0.1861 -0.5726 0.2893, -0.1706 -0.5622 0.3557, -0.1747 -0.5758 0.2893, -0.134 -0.587 0.2893, -0.1146 -0.5762 0.3557, -0.1174 -0.59 0.2893, -0.0808 -0.5966 0.2893, -0.0576 -0.5847 0.3557, -0.059 -0.5986 0.2893, -0.027 -0.6015 0.2893, 0.0 -0.5875 0.3557, 0.0 -0.6015 0.2893, 0.027 -0.6015 0.2893, 0.0576 -0.5847 0.3557, 0.059 -0.5986 0.2893, 0.0808 -0.5966 0.2893, 0.1146 -0.5762 0.3557, 0.1174 -0.59 0.2893, 0.134 -0.587 0.2893, 0.1706 -0.5622 0.3557, 0.1747 -0.5758 0.2893, 0.1861 -0.5726 0.2893, 0.2248 -0.5428 0.3557, 0.2303 -0.556 0.2893, 0.2366 -0.5536 0.2893, 0.277 -0.5182 0.3557, 0.3317 -0.5025 0.2893, 0.3264 -0.4885 0.3557, 0.2853 -0.5302 0.2893, 0.2838 -0.5309 0.2893, 0.3344 -0.5005 0.2893, 0.3754 -0.4707 0.2893, 0.3727 -0.4542 0.3557, 0.3817 -0.4652 0.2893, 0.4161 -0.4352 0.2893, 0.4155 -0.4155 0.3557, 0.4254 -0.4254 0.2893, 0.4534 -0.3961 0.2893, 0.4542 -0.3727 0.3557, 0.465 -0.3816 0.2893, 0.4871 -0.3539 0.2893, 0.4885 -0.3264 0.3557, 0.5001 -0.3342 0.2893, 0.5169 -0.3088 0.2893, 0.5182 -0.277 0.3557, 0.5305 -0.2835 0.2893, 0.5425 -0.2612 0.2893, 0.5428 -0.2248 0.3557, 0.5557 -0.2302 0.2893, 0.5637 -0.2116 0.2893, 0.5622 -0.1706 0.3557, 0.5757 -0.1746 0.2893, 0.5804 -0.1602 0.2893, 0.5762 -0.1146 0.3557, 0.5902 -0.1174 0.2893, 0.5924 -0.1075 0.2893, 0.5847 -0.0576 0.3557, 0.5997 -0.054 0.2893, 0.599 -0.059 0.2893, 0.5752 -0.0567 0.423, 0.5669 -0.1128 0.423, 0.5531 -0.1678 0.423, 0.534 -0.2212 0.423, 0.5098 -0.2725 0.423, 0.4806 -0.3211 0.423, 0.4468 -0.3667 0.423, 0.4087 -0.4087 0.423, 0.3667 -0.4468 0.423, 0.3211 -0.4806 0.423, 0.2725 -0.5098 0.423, 0.2212 -0.534 0.423, 0.1678 -0.5531 0.423, 0.1128 -0.5669 0.423, 0.0567 -0.5752 0.423, 0.0 -0.578 0.423, -0.0567 -0.5752 0.423, -0.1128 -0.5669 0.423, -0.1678 -0.5531 0.423, -0.2212 -0.534 0.423, -0.2725 -0.5098 0.423, -0.3211 -0.4806 0.423, -0.3667 -0.4468 0.423, -0.4087 -0.4087 0.423, -0.4468 -0.3667 0.423, -0.4806 -0.3211 0.423, -0.5098 -0.2725 0.423, -0.534 -0.2212 0.423, -0.5531 -0.1678 0.423, -0.5669 -0.1128 0.423, -0.5752 -0.0567 0.423, 0.5708 -0.0562 0.4908, 0.5626 -0.1119 0.4908, 0.5489 -0.1665 0.4908, 0.5299 -0.2195 0.4908, 0.5059 -0.2704 0.4908, 0.4769 -0.3187 0.4908, 0.4434 -0.3639 0.4908, 0.4056 -0.4056 0.4908, 0.3639 -0.4434 0.4908, 0.3187 -0.4769 0.4908, 0.2704 -0.5059 0.4908, 0.2195 -0.5299 0.4908, 0.1665 -0.5489 0.4908, 0.1119 -0.5626 0.4908, 0.0562 -0.5708 0.4908, 0.0 -0.5736 0.4908, -0.0562 -0.5708 0.4908, -0.1119 -0.5626 0.4908, -0.1665 -0.5489 0.4908, -0.2195 -0.5299 0.4908, -0.2704 -0.5059 0.4908, -0.3187 -0.4769 0.4908, -0.3639 -0.4434 0.4908, -0.4056 -0.4056 0.4908, -0.4434 -0.3639 0.4908, -0.4769 -0.3187 0.4908, -0.5059 -0.2704 0.4908, -0.5299 -0.2195 0.4908, -0.5489 -0.1665 0.4908, -0.5626 -0.1119 0.4908, -0.5708 -0.0562 0.4908, 0.5715 -0.0563 0.5588, 0.5632 -0.112 0.5588, 0.5495 -0.1667 0.5588, 0.5306 -0.2198 0.5588, 0.5065 -0.2707 0.5588, 0.4775 -0.3191 0.5588, 0.4439 -0.3643 0.5588, 0.4061 -0.4061 0.5588, 0.3643 -0.4439 0.5588, 0.3191 -0.4775 0.5588, 0.2707 -0.5065 0.5588, 0.2198 -0.5306 0.5588, 0.1667 -0.5495 0.5588, 0.112 -0.5632 0.5588, 0.0563 -0.5715 0.5588, 0.0 -0.5743 0.5588, -0.0563 -0.5715 0.5588, -0.112 -0.5632 0.5588, -0.1667 -0.5495 0.5588, -0.2198 -0.5306 0.5588, -0.2707 -0.5065 0.5588, -0.3191 -0.4775 0.5588, -0.3643 -0.4439 0.5588, -0.4061 -0.4061 0.5588, -0.4439 -0.3643 0.5588, -0.4775 -0.3191 0.5588, -0.5065 -0.2707 0.5588, -0.5306 -0.2198 0.5588, -0.5495 -0.1667 0.5588, -0.5632 -0.112 0.5588, -0.5715 -0.0563 0.5588, 0.5773 -0.0569 0.6265, 0.5689 -0.1132 0.6265, 0.5551 -0.1684 0.6265, 0.5359 -0.222 0.6265, 0.5116 -0.2734 0.6265, 0.4823 -0.3223 0.6265, 0.4484 -0.368 0.6265, 0.4102 -0.4102 0.6265, 0.368 -0.4484 0.6265, 0.3223 -0.4823 0.6265, 0.2734 -0.5116 0.6265, 0.222 -0.5359 0.6265, 0.1684 -0.5551 0.6265, 0.1132 -0.5689 0.6265, 0.0569 -0.5773 0.6265, 0.0 -0.5801 0.6265, -0.0569 -0.5773 0.6265, -0.1132 -0.5689 0.6265, -0.1684 -0.5551 0.6265, -0.222 -0.5359 0.6265, -0.2734 -0.5116 0.6265, -0.3223 -0.4823 0.6265, -0.368 -0.4484 0.6265, -0.4102 -0.4102 0.6265, -0.4484 -0.368 0.6265, -0.4823 -0.3223 0.6265, -0.5116 -0.2734 0.6265, -0.5359 -0.222 0.6265, -0.5551 -0.1684 0.6265, -0.5689 -0.1132 0.6265, -0.5773 -0.0569 0.6265
            ]
        }
        coordIndex [
            0,1,2,-1,2,1,3,-1,4,5,3,-1,3,5,6,-1,3,6,2,-1,7,8,4,-1,4,8,9,-1,4,9,5,-1,10,11,7,-1,7,11,12,-1,7,12,8,-1,13,14,10,-1,10,14,15,-1,10,15,11,-1,16,17,13,-1,13,17,18,-1,13,18,14,-1,19,20,16,-1,16,20,21,-1,16,21,17,-1,22,23,24,-1,24,23,25,-1,24,25,19,-1,19,25,26,-1,19,26,20,-1,22,24,27,-1,27,24,28,-1,27,28,29,-1,29,28,30,-1,30,28,31,-1,30,31,32,-1,32,31,33,-1,33,31,34,-1,33,34,35,-1,35,34,36,-1,36,34,37,-1,36,37,38,-1,39,40,41,-1,39,41,37,-1,37,41,42,-1,37,42,38,-1,43,44,39,-1,39,44,45,-1,39,45,40,-1,46,47,48,-1,48,47,49,-1,48,49,43,-1,43,49,50,-1,43,50,44,-1,46,48,51,-1,51,48,52,-1,51,52,53,-1,54,55,52,-1,52,55,56,-1,52,56,53,-1,57,58,54,-1,54,58,59,-1,54,59,55,-1,60,61,62,-1,62,63,60,-1,60,63,64,-1,60,64,57,-1,57,64,65,-1,57,65,58,-1,66,67,60,-1,60,67,68,-1,60,68,61,-1,69,70,66,-1,66,70,71,-1,66,71,67,-1,72,73,69,-1,69,73,74,-1,69,74,70,-1,75,76,72,-1,72,76,77,-1,72,77,73,-1,78,79,80,-1,80,79,81,-1,80,81,75,-1,75,81,82,-1,75,82,76,-1,78,80,83,-1,83,80,84,-1,83,84,85,-1,85,84,86,-1,86,84,87,-1,86,87,88,-1,88,87,89,-1,89,87,90,-1,89,90,91,-1,91,90,92,-1,92,90,93,-1,92,93,94,-1,94,93,95,-1,95,93,96,-1,95,96,97,-1,97,96,98,-1,98,96,99,-1,98,99,100,-1,100,99,101,-1,101,99,102,-1,101,102,103,-1,103,102,104,-1,104,102,105,-1,104,105,106,-1,107,108,109,-1,109,108,110,-1,108,111,110,-1,110,111,112,-1,110,112,113,-1,112,114,113,-1,113,114,115,-1,113,115,116,-1,115,117,116,-1,116,117,118,-1,116,118,119,-1,118,120,119,-1,119,120,121,-1,119,121,122,-1,121,123,122,-1,122,123,124,-1,122,124,125,-1,124,126,125,-1,125,126,127,-1,125,127,128,-1,127,129,128,-1,128,129,130,-1,128,130,131,-1,130,132,131,-1,131,132,133,-1,131,133,134,-1,135,136,137,-1,137,136,134,-1,137,134,138,-1,138,134,133,-1,135,139,136,-1,136,139,140,-1,136,140,141,-1,140,142,141,-1,141,142,143,-1,141,143,144,-1,143,145,144,-1,144,145,146,-1,144,146,147,-1,146,148,147,-1,147,148,149,-1,147,149,150,-1,149,151,150,-1,150,151,152,-1,150,152,153,-1,152,154,153,-1,153,154,155,-1,153,155,156,-1,155,157,156,-1,156,157,158,-1,156,158,159,-1,158,160,159,-1,159,160,161,-1,159,161,162,-1,161,163,162,-1,162,163,164,-1,162,164,165,-1,164,166,165,-1,165,166,167,-1,165,167,168,-1,167,169,168,-1,168,169,170,-1,168,170,171,-1,172,173,174,-1,174,173,171,-1,174,171,175,-1,175,171,170,-1,172,176,173,-1,173,176,177,-1,173,177,178,-1,177,179,178,-1,178,179,180,-1,178,180,181,-1,180,182,181,-1,181,182,183,-1,181,183,184,-1,183,185,184,-1,184,185,186,-1,184,186,187,-1,186,188,187,-1,187,188,189,-1,187,189,190,-1,189,191,190,-1,190,191,192,-1,190,192,193,-1,192,194,193,-1,193,194,195,-1,193,195,196,-1,195,197,196,-1,196,197,198,-1,196,198,199,-1,198,200,199,-1,199,200,201,-1,199,201,202,-1,203,204,205,-1,205,204,202,-1,205,202,206,-1,206,202,201,-1,204,207,202,-1,202,207,208,-1,202,208,199,-1,199,208,209,-1,199,209,196,-1,196,209,210,-1,196,210,193,-1,193,210,211,-1,193,211,190,-1,190,211,212,-1,190,212,187,-1,187,212,213,-1,187,213,184,-1,184,213,214,-1,184,214,181,-1,181,214,215,-1,181,215,178,-1,178,215,216,-1,178,216,173,-1,173,216,217,-1,173,217,171,-1,171,217,218,-1,171,218,168,-1,168,218,219,-1,168,219,165,-1,165,219,220,-1,165,220,162,-1,162,220,221,-1,162,221,159,-1,159,221,222,-1,159,222,156,-1,156,222,223,-1,156,223,153,-1,153,223,224,-1,153,224,150,-1,150,224,225,-1,150,225,147,-1,147,225,226,-1,147,226,144,-1,144,226,227,-1,144,227,141,-1,141,227,228,-1,141,228,136,-1,136,228,229,-1,136,229,134,-1,134,229,230,-1,134,230,131,-1,131,230,231,-1,131,231,128,-1,128,231,232,-1,128,232,125,-1,125,232,233,-1,125,233,122,-1,122,233,234,-1,122,234,119,-1,119,234,235,-1,119,235,116,-1,116,235,236,-1,116,236,113,-1,113,236,237,-1,113,237,110,-1,110,237,238,-1,110,238,109,-1,109,238,239,-1,207,240,208,-1,208,240,241,-1,208,241,209,-1,209,241,242,-1,209,242,210,-1,210,242,243,-1,210,243,211,-1,211,243,244,-1,211,244,212,-1,212,244,245,-1,212,245,213,-1,213,245,246,-1,213,246,214,-1,214,246,247,-1,214,247,215,-1,215,247,248,-1,215,248,216,-1,216,248,249,-1,216,249,217,-1,217,249,250,-1,217,250,218,-1,218,250,251,-1,218,251,219,-1,219,251,252,-1,219,252,220,-1,220,252,253,-1,220,253,221,-1,221,253,254,-1,221,254,222,-1,222,254,255,-1,222,255,223,-1,223,255,256,-1,223,256,224,-1,224,256,257,-1,224,257,225,-1,225,257,258,-1,225,258,226,-1,226,258,259,-1,226,259,227,-1,227,259,260,-1,227,260,228,-1,228,260,261,-1,228,261,229,-1,229,261,262,-1,229,262,230,-1,230,262,263,-1,230,263,231,-1,231,263,264,-1,231,264,232,-1,232,264,265,-1,232,265,233,-1,233,265,266,-1,233,266,234,-1,234,266,267,-1,234,267,235,-1,235,267,268,-1,235,268,236,-1,236,268,269,-1,236,269,237,-1,237,269,270,-1,237,270,238,-1,238,270,271,-1,238,271,239,-1,239,271,272,-1,240,273,241,-1,241,273,274,-1,241,274,242,-1,242,274,275,-1,242,275,243,-1,243,275,276,-1,243,276,244,-1,244,276,277,-1,244,277,245,-1,245,277,278,-1,245,278,246,-1,246,278,279,-1,246,279,247,-1,247,279,280,-1,247,280,248,-1,248,280,281,-1,248,281,249,-1,249,281,282,-1,249,282,250,-1,250,282,283,-1,250,283,251,-1,251,283,284,-1,251,284,252,-1,252,284,285,-1,252,285,253,-1,253,285,286,-1,253,286,254,-1,254,286,287,-1,254,287,255,-1,255,287,288,-1,255,288,256,-1,256,288,289,-1,256,289,257,-1,257,289,290,-1,257,290,258,-1,258,290,291,-1,258,291,259,-1,259,291,292,-1,259,292,260,-1,260,292,293,-1,260,293,261,-1,261,293,294,-1,261,294,262,-1,262,294,295,-1,262,295,263,-1,263,295,296,-1,263,296,264,-1,264,296,297,-1,264,297,265,-1,265,297,298,-1,265,298,266,-1,266,298,299,-1,266,299,267,-1,267,299,300,-1,267,300,268,-1,268,300,301,-1,268,301,269,-1,269,301,302,-1,269,302,270,-1,270,302,303,-1,270,303,271,-1,271,303,304,-1,271,304,272,-1,272,304,305,-1,273,306,274,-1,274,306,307,-1,274,307,275,-1,275,307,308,-1,275,308,276,-1,276,308,309,-1,276,309,277,-1,277,309,310,-1,277,310,278,-1,278,310,311,-1,278,311,279,-1,279,311,312,-1,279,312,280,-1,280,312,313,-1,280,313,281,-1,281,313,314,-1,281,314,282,-1,282,314,315,-1,282,315,283,-1,283,315,316,-1,283,316,284,-1,284,316,317,-1,284,317,285,-1,285,317,318,-1,285,318,286,-1,286,318,319,-1,286,319,287,-1,287,319,320,-1,287,320,288,-1,288,320,321,-1,288,321,289,-1,289,321,322,-1,289,322,290,-1,290,322,323,-1,290,323,291,-1,291,323,324,-1,291,324,292,-1,292,324,325,-1,292,325,293,-1,293,325,326,-1,293,326,294,-1,294,326,327,-1,294,327,295,-1,295,327,328,-1,295,328,296,-1,296,328,329,-1,296,329,297,-1,297,329,330,-1,297,330,298,-1,298,330,331,-1,298,331,299,-1,299,331,332,-1,299,332,300,-1,300,332,333,-1,300,333,301,-1,301,333,334,-1,301,334,302,-1,302,334,335,-1,302,335,303,-1,303,335,336,-1,303,336,304,-1,304,336,337,-1,304,337,305,-1,305,337,338,-1,306,105,307,-1,307,105,102,-1,307,102,308,-1,308,102,99,-1,308,99,309,-1,309,99,96,-1,309,96,310,-1,310,96,93,-1,310,93,311,-1,311,93,90,-1,311,90,312,-1,312,90,87,-1,312,87,313,-1,313,87,84,-1,313,84,314,-1,314,84,80,-1,314,80,315,-1,315,80,75,-1,315,75,316,-1,316,75,72,-1,316,72,317,-1,317,72,69,-1,317,69,318,-1,318,69,66,-1,318,66,319,-1,319,66,60,-1,319,60,320,-1,320,60,57,-1,320,57,321,-1,321,57,54,-1,321,54,322,-1,322,54,52,-1,322,52,323,-1,323,52,48,-1,323,48,324,-1,324,48,43,-1,324,43,325,-1,325,43,39,-1,325,39,326,-1,326,39,37,-1,326,37,327,-1,327,37,34,-1,327,34,328,-1,328,34,31,-1,328,31,329,-1,329,31,28,-1,329,28,330,-1,330,28,24,-1,330,24,331,-1,331,24,19,-1,331,19,332,-1,332,19,16,-1,332,16,333,-1,333,16,13,-1,333,13,334,-1,334,13,10,-1,334,10,335,-1,335,10,7,-1,335,7,336,-1,336,7,4,-1,336,4,337,-1,337,4,3,-1,337,3,338,-1,338,3,1,-1,339,340,341,-1,106,105,342,-1,342,105,343,-1,344,345,343,-1,343,345,346,-1,343,346,342,-1,347,348,344,-1,344,348,349,-1,344,349,345,-1,350,351,347,-1,347,351,352,-1,347,352,348,-1,353,354,350,-1,350,354,355,-1,350,355,351,-1,356,357,353,-1,353,357,358,-1,353,358,354,-1,359,360,356,-1,356,360,361,-1,356,361,357,-1,362,363,364,-1,364,363,365,-1,364,365,359,-1,359,365,366,-1,359,366,360,-1,362,364,367,-1,367,364,368,-1,367,368,369,-1,369,368,370,-1,370,368,371,-1,370,371,372,-1,372,371,373,-1,373,371,374,-1,373,374,375,-1,375,374,376,-1,376,374,377,-1,376,377,378,-1,379,380,381,-1,381,380,382,-1,381,382,377,-1,377,382,383,-1,377,383,378,-1,384,385,381,-1,381,385,386,-1,381,386,379,-1,387,388,384,-1,384,388,389,-1,384,389,385,-1,390,391,392,-1,392,391,393,-1,392,393,387,-1,387,393,394,-1,387,394,388,-1,341,340,392,-1,392,340,395,-1,392,395,390,-1,396,397,398,-1,398,397,399,-1,398,399,400,-1,400,399,401,-1,400,401,341,-1,341,401,402,-1,341,402,339,-1,403,404,398,-1,398,404,405,-1,398,405,396,-1,406,407,403,-1,403,407,408,-1,403,408,404,-1,409,410,406,-1,406,410,411,-1,406,411,407,-1,412,413,409,-1,409,413,414,-1,409,414,410,-1,415,416,417,-1,417,416,418,-1,417,418,412,-1,412,418,419,-1,412,419,413,-1,415,417,420,-1,420,417,421,-1,420,421,422,-1,422,421,423,-1,423,421,424,-1,423,424,425,-1,425,424,426,-1,426,424,427,-1,426,427,428,-1,428,427,429,-1,429,427,430,-1,429,430,431,-1,431,430,432,-1,432,430,433,-1,432,433,434,-1,434,433,435,-1,435,433,436,-1,435,436,437,-1,437,436,438,-1,438,436,439,-1,438,439,440,-1,440,439,441,-1,441,439,1,-1,441,1,0,-1,203,442,204,-1,204,442,443,-1,442,444,443,-1,443,444,445,-1,443,445,446,-1,445,447,446,-1,446,447,448,-1,446,448,449,-1,448,450,449,-1,449,450,451,-1,449,451,452,-1,451,453,452,-1,452,453,454,-1,452,454,455,-1,454,456,455,-1,455,456,457,-1,455,457,458,-1,457,459,458,-1,458,459,460,-1,458,460,461,-1,460,462,461,-1,461,462,463,-1,461,463,464,-1,463,465,464,-1,464,465,466,-1,464,466,467,-1,468,469,470,-1,470,469,467,-1,470,467,471,-1,471,467,466,-1,468,472,469,-1,469,472,473,-1,469,473,474,-1,473,475,474,-1,474,475,476,-1,474,476,477,-1,476,478,477,-1,477,478,479,-1,477,479,480,-1,479,481,480,-1,480,481,482,-1,480,482,483,-1,482,484,483,-1,483,484,485,-1,483,485,486,-1,485,487,486,-1,486,487,488,-1,486,488,489,-1,488,490,489,-1,489,490,491,-1,489,491,492,-1,491,493,492,-1,492,493,494,-1,492,494,495,-1,494,496,495,-1,495,496,497,-1,495,497,498,-1,497,499,498,-1,498,499,500,-1,498,500,501,-1,500,502,501,-1,501,502,503,-1,501,503,504,-1,505,506,507,-1,507,506,504,-1,507,504,508,-1,508,504,503,-1,505,509,506,-1,506,509,510,-1,506,510,511,-1,510,512,511,-1,511,512,513,-1,511,513,514,-1,513,515,514,-1,514,515,516,-1,514,516,517,-1,516,518,517,-1,517,518,519,-1,517,519,520,-1,519,521,520,-1,520,521,522,-1,520,522,523,-1,522,524,523,-1,523,524,525,-1,523,525,526,-1,525,527,526,-1,526,527,528,-1,526,528,529,-1,528,530,529,-1,529,530,531,-1,529,531,532,-1,531,533,532,-1,532,533,534,-1,532,534,535,-1,107,109,536,-1,536,109,535,-1,536,535,537,-1,537,535,534,-1,109,239,535,-1,535,239,538,-1,535,538,532,-1,532,538,539,-1,532,539,529,-1,529,539,540,-1,529,540,526,-1,526,540,541,-1,526,541,523,-1,523,541,542,-1,523,542,520,-1,520,542,543,-1,520,543,517,-1,517,543,544,-1,517,544,514,-1,514,544,545,-1,514,545,511,-1,511,545,546,-1,511,546,506,-1,506,546,547,-1,506,547,504,-1,504,547,548,-1,504,548,501,-1,501,548,549,-1,501,549,498,-1,498,549,550,-1,498,550,495,-1,495,550,551,-1,495,551,492,-1,492,551,552,-1,492,552,489,-1,489,552,553,-1,489,553,486,-1,486,553,554,-1,486,554,483,-1,483,554,555,-1,483,555,480,-1,480,555,556,-1,480,556,477,-1,477,556,557,-1,477,557,474,-1,474,557,558,-1,474,558,469,-1,469,558,559,-1,469,559,467,-1,467,559,560,-1,467,560,464,-1,464,560,561,-1,464,561,461,-1,461,561,562,-1,461,562,458,-1,458,562,563,-1,458,563,455,-1,455,563,564,-1,455,564,452,-1,452,564,565,-1,452,565,449,-1,449,565,566,-1,449,566,446,-1,446,566,567,-1,446,567,443,-1,443,567,568,-1,443,568,204,-1,204,568,207,-1,239,272,538,-1,538,272,569,-1,538,569,539,-1,539,569,570,-1,539,570,540,-1,540,570,571,-1,540,571,541,-1,541,571,572,-1,541,572,542,-1,542,572,573,-1,542,573,543,-1,543,573,574,-1,543,574,544,-1,544,574,575,-1,544,575,545,-1,545,575,576,-1,545,576,546,-1,546,576,577,-1,546,577,547,-1,547,577,578,-1,547,578,548,-1,548,578,579,-1,548,579,549,-1,549,579,580,-1,549,580,550,-1,550,580,581,-1,550,581,551,-1,551,581,582,-1,551,582,552,-1,552,582,583,-1,552,583,553,-1,553,583,584,-1,553,584,554,-1,554,584,585,-1,554,585,555,-1,555,585,586,-1,555,586,556,-1,556,586,587,-1,556,587,557,-1,557,587,588,-1,557,588,558,-1,558,588,589,-1,558,589,559,-1,559,589,590,-1,559,590,560,-1,560,590,591,-1,560,591,561,-1,561,591,592,-1,561,592,562,-1,562,592,593,-1,562,593,563,-1,563,593,594,-1,563,594,564,-1,564,594,595,-1,564,595,565,-1,565,595,596,-1,565,596,566,-1,566,596,597,-1,566,597,567,-1,567,597,598,-1,567,598,568,-1,568,598,599,-1,568,599,207,-1,207,599,240,-1,272,305,569,-1,569,305,600,-1,569,600,570,-1,570,600,601,-1,570,601,571,-1,571,601,602,-1,571,602,572,-1,572,602,603,-1,572,603,573,-1,573,603,604,-1,573,604,574,-1,574,604,605,-1,574,605,575,-1,575,605,606,-1,575,606,576,-1,576,606,607,-1,576,607,577,-1,577,607,608,-1,577,608,578,-1,578,608,609,-1,578,609,579,-1,579,609,610,-1,579,610,580,-1,580,610,611,-1,580,611,581,-1,581,611,612,-1,581,612,582,-1,582,612,613,-1,582,613,583,-1,583,613,614,-1,583,614,584,-1,584,614,615,-1,584,615,585,-1,585,615,616,-1,585,616,586,-1,586,616,617,-1,586,617,587,-1,587,617,618,-1,587,618,588,-1,588,618,619,-1,588,619,589,-1,589,619,620,-1,589,620,590,-1,590,620,621,-1,590,621,591,-1,591,621,622,-1,591,622,592,-1,592,622,623,-1,592,623,593,-1,593,623,624,-1,593,624,594,-1,594,624,625,-1,594,625,595,-1,595,625,626,-1,595,626,596,-1,596,626,627,-1,596,627,597,-1,597,627,628,-1,597,628,598,-1,598,628,629,-1,598,629,599,-1,599,629,630,-1,599,630,240,-1,240,630,273,-1,305,338,600,-1,600,338,631,-1,600,631,601,-1,601,631,632,-1,601,632,602,-1,602,632,633,-1,602,633,603,-1,603,633,634,-1,603,634,604,-1,604,634,635,-1,604,635,605,-1,605,635,636,-1,605,636,606,-1,606,636,637,-1,606,637,607,-1,607,637,638,-1,607,638,608,-1,608,638,639,-1,608,639,609,-1,609,639,640,-1,609,640,610,-1,610,640,641,-1,610,641,611,-1,611,641,642,-1,611,642,612,-1,612,642,643,-1,612,643,613,-1,613,643,644,-1,613,644,614,-1,614,644,645,-1,614,645,615,-1,615,645,646,-1,615,646,616,-1,616,646,647,-1,616,647,617,-1,617,647,648,-1,617,648,618,-1,618,648,649,-1,618,649,619,-1,619,649,650,-1,619,650,620,-1,620,650,651,-1,620,651,621,-1,621,651,652,-1,621,652,622,-1,622,652,653,-1,622,653,623,-1,623,653,654,-1,623,654,624,-1,624,654,655,-1,624,655,625,-1,625,655,656,-1,625,656,626,-1,626,656,657,-1,626,657,627,-1,627,657,658,-1,627,658,628,-1,628,658,659,-1,628,659,629,-1,629,659,660,-1,629,660,630,-1,630,660,661,-1,630,661,273,-1,273,661,306,-1,338,1,631,-1,631,1,439,-1,631,439,632,-1,632,439,436,-1,632,436,633,-1,633,436,433,-1,633,433,634,-1,634,433,430,-1,634,430,635,-1,635,430,427,-1,635,427,636,-1,636,427,424,-1,636,424,637,-1,637,424,421,-1,637,421,638,-1,638,421,417,-1,638,417,639,-1,639,417,412,-1,639,412,640,-1,640,412,409,-1,640,409,641,-1,641,409,406,-1,641,406,642,-1,642,406,403,-1,642,403,643,-1,643,403,398,-1,643,398,644,-1,644,398,400,-1,644,400,645,-1,645,400,341,-1,645,341,646,-1,646,341,392,-1,646,392,647,-1,647,392,387,-1,647,387,648,-1,648,387,384,-1,648,384,649,-1,649,384,381,-1,649,381,650,-1,650,381,377,-1,650,377,651,-1,651,377,374,-1,651,374,652,-1,652,374,371,-1,652,371,653,-1,653,371,368,-1,653,368,654,-1,654,368,364,-1,654,364,655,-1,655,364,359,-1,655,359,656,-1,656,359,356,-1,656,356,657,-1,657,356,353,-1,657,353,658,-1,658,353,350,-1,658,350,659,-1,659,350,347,-1,659,347,660,-1,660,347,344,-1,660,344,661,-1,661,344,343,-1,661,343,306,-1,306,343,105,-1,
        ]
    }
}
Shape{
    appearance Appearance {
        material  Material 	{
            diffuseColor 0.5019607843137255 0.5019607843137255 0.5019607843137255
            specularColor 0.25098039215686274 0.25098039215686274 0.25098039215686274
            ambientIntensity 0.502
            transparency 0.0
            shininess 0.5
        }
    }
    geometry IndexedFaceSet {
        ccw TRUE
        solid FALSE
        coord DEF co Coordinate {
            point [
                0.7874 0.3183 1.0276, 0.7874 -0.3183 1.0276, 0.7874 0.3183 0.8307, 0.7874 -0.3183 0.8307, 0.7866 0.326 0.8307, 0.7866 0.326 1.0276, 0.7844 0.3334 0.8307, 0.7844 0.3334 1.0276, 0.7808 0.3402 0.8307, 0.7808 0.3402 1.0276, 0.7759 0.3462 0.8307, 0.7759 0.3462 1.0276, 0.4643 0.6578 1.0276, 0.4643 0.6578 0.8307, 0.4583 0.6627 0.8307, 0.4583 0.6627 1.0276, 0.4515 0.6663 0.8307, 0.4515 0.6663 1.0276, 0.4441 0.6685 0.8307, 0.4441 0.6685 1.0276, 0.4364 0.6693 0.8307, 0.4364 0.6693 1.0276, 0.2556 0.6693 0.8307, 0.2197 0.6693 0.8307, 0.1838 0.6693 0.8307, 0.148 0.6693 0.8307, 0.1123 0.6693 0.8307, 0.0769 0.6693 0.8307, 0.0382 0.6693 0.8307, 0.0022 0.6693 0.8307, -0.4364 0.6693 1.0276, -0.0338 0.6693 0.8307, -0.0703 0.6693 0.8307, -0.1074 0.6693 0.8307, -0.1453 0.6693 0.8307, -0.1835 0.6693 0.8307, -0.202 0.6693 0.8307, -0.238 0.6693 0.8307, -0.2556 0.6693 0.8307, -0.4364 0.6693 0.8307, -0.4441 0.6685 0.8307, -0.4441 0.6685 1.0276, -0.4515 0.6663 0.8307, -0.4515 0.6663 1.0276, -0.4583 0.6627 0.8307, -0.4583 0.6627 1.0276, -0.4643 0.6578 0.8307, -0.4643 0.6578 1.0276, -0.7759 0.3462 1.0276, -0.7759 0.3462 0.8307, -0.7808 0.3402 0.8307, -0.7808 0.3402 1.0276, -0.7844 0.3334 0.8307, -0.7844 0.3334 1.0276, -0.7866 0.326 0.8307, -0.7866 0.326 1.0276, -0.7874 0.3183 0.8307, -0.7874 0.3183 1.0276, -0.7874 -0.3183 1.0276, -0.7874 -0.3183 0.8307, -0.7866 -0.326 0.8307, -0.7866 -0.326 1.0276, -0.7844 -0.3334 0.8307, -0.7844 -0.3334 1.0276, -0.7808 -0.3402 0.8307, -0.7808 -0.3402 1.0276, -0.7759 -0.3462 0.8307, -0.7759 -0.3462 1.0276, -0.4643 -0.6578 1.0276, -0.4643 -0.6578 0.8307, -0.4583 -0.6627 0.8307, -0.4583 -0.6627 1.0276, -0.4515 -0.6663 0.8307, -0.4515 -0.6663 1.0276, -0.4441 -0.6685 0.8307, -0.4441 -0.6685 1.0276, -0.4364 -0.6693 0.8307, -0.4364 -0.6693 1.0276, -0.2556 -0.6693 0.8307, -0.238 -0.6693 0.8307, -0.202 -0.6693 0.8307, -0.1835 -0.6693 0.8307, -0.1453 -0.6693 0.8307, -0.1074 -0.6693 0.8307, -0.0703 -0.6693 0.8307, -0.0338 -0.6693 0.8307, 0.4364 -0.6693 1.0276, 0.0022 -0.6693 0.8307, 0.0382 -0.6693 0.8307, 0.0769 -0.6693 0.8307, 0.1123 -0.6693 0.8307, 0.148 -0.6693 0.8307, 0.1838 -0.6693 0.8307, 0.2197 -0.6693 0.8307, 0.2556 -0.6693 0.8307, 0.4364 -0.6693 0.8307, 0.4441 -0.6685 0.8307, 0.4441 -0.6685 1.0276, 0.4515 -0.6663 0.8307, 0.4515 -0.6663 1.0276, 0.4583 -0.6627 0.8307, 0.4583 -0.6627 1.0276, 0.4643 -0.6578 0.8307, 0.4643 -0.6578 1.0276, 0.7759 -0.3462 1.0276, 0.7759 -0.3462 0.8307, 0.7808 -0.3402 0.8307, 0.7808 -0.3402 1.0276, 0.7844 -0.3334 0.8307, 0.7844 -0.3334 1.0276, 0.7866 -0.326 0.8307, 0.7866 -0.326 1.0276, 0.3122 0.6448 0.8307, 0.3665 0.6156 0.8307, 0.5117 -0.5015 0.8307, 0.5529 -0.4556 0.8307, 0.5901 -0.4063 0.8307, 0.6926 -0.1831 0.8307, 0.7058 -0.1228 0.8307, 0.4181 0.5817 0.8307, 0.4666 0.5436 0.8307, 0.4181 -0.5817 0.8307, 0.4666 -0.5436 0.8307, 0.6228 -0.354 0.8307, 0.651 -0.2991 0.8307, 0.3122 -0.6448 0.8307, 0.3665 -0.6156 0.8307, 0.6743 -0.242 0.8307, 0.7138 -0.0616 0.8307, 0.7164 0.0 0.8307, 0.7138 0.0616 0.8307, 0.7058 0.1228 0.8307, 0.6228 0.354 0.8307, 0.651 0.2991 0.8307, 0.6926 0.1831 0.8307, 0.6743 0.242 0.8307, 0.5901 0.4063 0.8307, 0.5529 0.4556 0.8307, 0.5117 0.5015 0.8307
            ]
        }
        coordIndex [
            0,1,2,-1,2,1,3,-1,0,2,4,-1,0,4,5,-1,5,4,6,-1,5,6,7,-1,7,6,8,-1,7,8,9,-1,9,8,10,-1,9,10,11,-1,12,11,13,-1,13,11,10,-1,12,13,14,-1,12,14,15,-1,15,14,16,-1,15,16,17,-1,17,16,18,-1,17,18,19,-1,19,18,20,-1,19,20,21,-1,20,22,21,-1,21,22,23,-1,21,23,24,-1,24,25,21,-1,21,25,26,-1,21,26,27,-1,27,28,21,-1,21,28,29,-1,21,29,30,-1,29,31,30,-1,30,31,32,-1,30,32,33,-1,33,34,30,-1,30,34,35,-1,30,35,36,-1,36,37,30,-1,30,37,38,-1,30,38,39,-1,30,39,40,-1,30,40,41,-1,41,40,42,-1,41,42,43,-1,43,42,44,-1,43,44,45,-1,45,44,46,-1,45,46,47,-1,48,47,49,-1,49,47,46,-1,48,49,50,-1,48,50,51,-1,51,50,52,-1,51,52,53,-1,53,52,54,-1,53,54,55,-1,55,54,56,-1,55,56,57,-1,58,57,59,-1,59,57,56,-1,58,59,60,-1,58,60,61,-1,61,60,62,-1,61,62,63,-1,63,62,64,-1,63,64,65,-1,65,64,66,-1,65,66,67,-1,68,67,69,-1,69,67,66,-1,68,69,70,-1,68,70,71,-1,71,70,72,-1,71,72,73,-1,73,72,74,-1,73,74,75,-1,75,74,76,-1,75,76,77,-1,76,78,77,-1,77,78,79,-1,77,79,80,-1,80,81,77,-1,77,81,82,-1,77,82,83,-1,83,84,77,-1,77,84,85,-1,77,85,86,-1,85,87,86,-1,86,87,88,-1,86,88,89,-1,89,90,86,-1,86,90,91,-1,86,91,92,-1,92,93,86,-1,86,93,94,-1,86,94,95,-1,86,95,96,-1,86,96,97,-1,97,96,98,-1,97,98,99,-1,99,98,100,-1,99,100,101,-1,101,100,102,-1,101,102,103,-1,104,103,105,-1,105,103,102,-1,104,105,106,-1,104,106,107,-1,107,106,108,-1,107,108,109,-1,109,108,110,-1,109,110,111,-1,111,110,3,-1,111,3,1,-1,22,20,112,-1,112,20,113,-1,102,114,105,-1,105,114,115,-1,105,115,116,-1,117,118,3,-1,16,14,119,-1,119,14,13,-1,119,13,120,-1,113,20,119,-1,119,20,18,-1,119,18,16,-1,100,121,102,-1,102,121,122,-1,102,122,114,-1,116,123,105,-1,105,123,124,-1,105,124,106,-1,94,125,95,-1,95,125,126,-1,95,126,96,-1,96,126,121,-1,96,121,98,-1,98,121,100,-1,117,3,127,-1,127,3,110,-1,127,110,124,-1,124,110,108,-1,124,108,106,-1,118,128,3,-1,3,128,129,-1,3,129,2,-1,2,129,130,-1,2,130,131,-1,132,10,133,-1,133,10,8,-1,131,134,2,-1,2,134,135,-1,2,135,4,-1,4,135,133,-1,4,133,6,-1,6,133,8,-1,132,136,10,-1,10,136,137,-1,10,137,13,-1,13,137,138,-1,13,138,120,-1,
        ]
    }
}
Shape{
    appearance Appearance {
        material  Material 	{
            diffuseColor 0.25098039215686274 0.25098039215686274 0.25098039215686274
            specularColor 0.12549019607843137 0.12549019607843137 0.12549019607843137
            ambientIntensity 0.251
            transparency 0.0
            shininess 0.5
        }
    }
    geometry IndexedFaceSet {
        ccw TRUE
        solid FALSE
        coord DEF co Coordinate {
            point [
                0.5001 -0.3342 0.2893, 0.4871 -0.3539 0.2893, 0.4945 -0.3593 0.2651, 0.465 -0.3816 0.2893, 0.4534 -0.3961 0.2893, 0.4603 -0.4022 0.2651, 0.4254 -0.4254 0.2893, 0.4161 -0.4352 0.2893, 0.4224 -0.4418 0.2651, 0.3817 -0.4652 0.2893, 0.3754 -0.4707 0.2893, 0.3811 -0.4779 0.2651, 0.2303 -0.556 0.2893, 0.1861 -0.5726 0.2893, 0.1889 -0.5814 0.2651, 0.1747 -0.5758 0.2893, 0.134 -0.587 0.2893, 0.136 -0.596 0.2651, 0.1174 -0.59 0.2893, 0.0808 -0.5966 0.2893, 0.0821 -0.6057 0.2651, 0.059 -0.5986 0.2893, 0.027 -0.6015 0.2893, 0.0274 -0.6107 0.2651, -0.1747 -0.5758 0.2893, -0.1861 -0.5726 0.2893, -0.1889 -0.5814 0.2651, -0.2303 -0.556 0.2893, -0.2366 -0.5536 0.2893, -0.2402 -0.5621 0.2651, -0.3817 -0.4652 0.2893, -0.4161 -0.4352 0.2893, -0.4224 -0.4418 0.2651, -0.4254 -0.4254 0.2893, -0.4534 -0.3961 0.2893, -0.4603 -0.4022 0.2651, -0.465 -0.3816 0.2893, -0.4871 -0.3539 0.2893, -0.4945 -0.3593 0.2651, -0.5757 -0.1746 0.2893, -0.5804 -0.1602 0.2893, -0.5893 -0.1626 0.2651, 0.3273 -0.6082 0.2036, 0.3805 -0.5764 0.2036, 0.367 -0.556 0.212, 0.7135 -0.0642 0.2008, 0.7164 0.0 0.2008, 0.6907 0.0 0.2036, 0.7049 -0.1279 0.2008, 0.6879 -0.0619 0.2036, 0.6906 -0.1906 0.2008, 0.6796 -0.1233 0.2036, 0.6707 -0.2517 0.2008, 0.6658 -0.1838 0.2036, 0.6455 -0.3108 0.2008, 0.6467 -0.2427 0.2036, 0.615 -0.3675 0.2008, 0.6223 -0.2997 0.2036, 0.5796 -0.4211 0.2008, 0.5929 -0.3543 0.2036, 0.5395 -0.4714 0.2008, 0.5588 -0.406 0.2036, -0.6879 -0.0619 0.2036, -0.6907 -0.0 0.2036, -0.7164 0.0 0.2008, 0.3947 -0.5979 0.2008, 0.3395 -0.6309 0.2008, 0.2816 -0.6588 0.2008, -0.6635 -0.0597 0.212, -0.6662 -0.0 0.212, 0.4016 -0.5036 0.2255, 0.4154 -0.5209 0.212, 0.4306 -0.54 0.2036, 0.4467 -0.5601 0.2008, -0.6555 -0.119 0.212, -0.6338 -0.115 0.2255, -0.6209 -0.1714 0.2255, -0.603 -0.1664 0.2435, 0.4323 -0.4521 0.2435, 0.4451 -0.4656 0.2255, 0.4604 -0.4815 0.212, 0.4773 -0.4992 0.2036, 0.4951 -0.5178 0.2008, -0.623 -0.0561 0.2435, -0.6255 -0.0 0.2435, -0.6441 -0.0 0.2255, -0.6415 -0.0577 0.2255, -0.6155 -0.1117 0.2435, 0.4711 -0.4116 0.2435, 0.4851 -0.4238 0.2255, 0.5017 -0.4383 0.212, 0.5201 -0.4544 0.2036, -0.6113 -0.0 0.2651, -0.6088 -0.0548 0.2651, -0.6015 -0.1091 0.2651, -0.5507 -0.2652 0.2651, -0.5723 -0.2148 0.2651, -0.5856 -0.2198 0.2435, -0.6455 -0.3108 0.2008, -0.615 -0.3675 0.2008, -0.5929 -0.3543 0.2036, -0.5588 -0.406 0.2036, -0.539 -0.3916 0.212, -0.5017 -0.4383 0.212, -0.4851 -0.4238 0.2255, -0.4451 -0.4656 0.2255, -0.4323 -0.4521 0.2435, -0.39 -0.4891 0.2435, -0.3811 -0.4779 0.2651, -0.3368 -0.5102 0.2651, -0.5796 -0.4211 0.2008, -0.5201 -0.4544 0.2036, -0.4604 -0.4815 0.212, -0.4016 -0.5036 0.2255, -0.3446 -0.522 0.2435, -0.2897 -0.5383 0.2651, -0.2853 -0.5302 0.2893, -0.2838 -0.5309 0.2893, -0.4467 -0.5601 0.2008, -0.3947 -0.5979 0.2008, -0.3805 -0.5764 0.2036, -0.3273 -0.6082 0.2036, -0.3157 -0.5867 0.212, -0.2618 -0.6126 0.212, -0.2532 -0.5923 0.2255, -0.199 -0.6126 0.2255, -0.1933 -0.5949 0.2435, -0.1392 -0.6098 0.2435, -0.136 -0.596 0.2651, -0.0821 -0.6057 0.2651, -0.0321 -0.7157 0.2008, 0.0321 -0.7157 0.2008, 0.031 -0.69 0.2036, 0.0927 -0.6845 0.2036, 0.0894 -0.6602 0.212, 0.1482 -0.6495 0.212, 0.1433 -0.628 0.2255, 0.199 -0.6126 0.2255, 0.1933 -0.5949 0.2435, 0.2458 -0.5752 0.2435, 0.2402 -0.5621 0.2651, 0.2897 -0.5383 0.2651, 0.0962 -0.7099 0.2008, 0.1537 -0.6734 0.2036, 0.2059 -0.6336 0.212, 0.2532 -0.5923 0.2255, 0.2964 -0.5508 0.2435, 0.3368 -0.5102 0.2651, 0.3317 -0.5025 0.2893, 0.3344 -0.5005 0.2893, -0.6021 0.0 0.2893, -0.5997 -0.054 0.2893, -0.599 -0.059 0.2893, -0.5924 -0.1075 0.2893, -0.5902 -0.1174 0.2893, -0.5637 -0.2116 0.2893, -0.5001 -0.3342 0.2893, -0.5169 -0.3088 0.2893, -0.5248 -0.3135 0.2651, -0.5636 -0.2714 0.2435, -0.6031 -0.2263 0.2255, -0.6422 -0.1772 0.212, -0.6796 -0.1233 0.2036, -0.7135 -0.0642 0.2008, -0.5305 -0.2835 0.2893, -0.5425 -0.2612 0.2893, -0.5557 -0.2302 0.2893, -0.537 -0.3208 0.2435, -0.5803 -0.2795 0.2255, -0.6237 -0.2341 0.212, -0.6658 -0.1838 0.2036, -0.7049 -0.1279 0.2008, -0.5061 -0.3677 0.2435, -0.553 -0.3304 0.2255, -0.6002 -0.2891 0.212, -0.6467 -0.2427 0.2036, -0.6906 -0.1906 0.2008, -0.4711 -0.4116 0.2435, -0.5211 -0.3786 0.2255, -0.5719 -0.3417 0.212, -0.6223 -0.2997 0.2036, -0.6707 -0.2517 0.2008, -0.3317 -0.5025 0.2893, -0.3344 -0.5005 0.2893, -0.3754 -0.4707 0.2893, -0.2964 -0.5508 0.2435, -0.3548 -0.5376 0.2255, -0.4154 -0.5209 0.212, -0.4773 -0.4992 0.2036, -0.5395 -0.4714 0.2008, -0.2458 -0.5752 0.2435, -0.3052 -0.5672 0.2255, -0.367 -0.556 0.212, -0.4306 -0.54 0.2036, -0.4951 -0.5178 0.2008, -0.134 -0.587 0.2893, 0.0 -0.6015 0.2893, -0.027 -0.6015 0.2893, -0.0274 -0.6107 0.2651, -0.084 -0.6199 0.2435, -0.1433 -0.628 0.2255, -0.2059 -0.6336 0.212, -0.2715 -0.6351 0.2036, -0.3395 -0.6309 0.2008, -0.059 -0.5986 0.2893, -0.0808 -0.5966 0.2893, -0.1174 -0.59 0.2893, -0.0281 -0.6249 0.2435, -0.0865 -0.6383 0.2255, -0.1482 -0.6495 0.212, -0.2134 -0.6569 0.2036, -0.2816 -0.6588 0.2008, 0.0281 -0.6249 0.2435, -0.0289 -0.6435 0.2255, -0.0894 -0.6602 0.212, -0.1537 -0.6734 0.2036, -0.2214 -0.6814 0.2008, 0.084 -0.6199 0.2435, 0.0289 -0.6435 0.2255, -0.0299 -0.6655 0.212, -0.0927 -0.6845 0.2036, -0.1594 -0.6985 0.2008, 0.1392 -0.6098 0.2435, 0.0865 -0.6383 0.2255, 0.0299 -0.6655 0.212, -0.031 -0.69 0.2036, -0.0962 -0.7099 0.2008, 0.2853 -0.5302 0.2893, 0.2838 -0.5309 0.2893, 0.2366 -0.5536 0.2893, 0.3446 -0.522 0.2435, 0.3052 -0.5672 0.2255, 0.2618 -0.6126 0.212, 0.2134 -0.6569 0.2036, 0.1594 -0.6985 0.2008, 0.39 -0.4891 0.2435, 0.3548 -0.5376 0.2255, 0.3157 -0.5867 0.212, 0.2715 -0.6351 0.2036, 0.2214 -0.6814 0.2008, 0.539 -0.3916 0.212, 0.5211 -0.3786 0.2255, 0.5061 -0.3677 0.2435, 0.5719 -0.3417 0.212, 0.553 -0.3304 0.2255, 0.537 -0.3208 0.2435, 0.5248 -0.3135 0.2651, 0.5169 -0.3088 0.2893, 0.5507 -0.2652 0.2651, 0.5425 -0.2612 0.2893, 0.5305 -0.2835 0.2893, 0.6002 -0.2891 0.212, 0.5803 -0.2795 0.2255, 0.5636 -0.2714 0.2435, 0.5723 -0.2148 0.2651, 0.5637 -0.2116 0.2893, 0.5557 -0.2302 0.2893, 0.6237 -0.2341 0.212, 0.6031 -0.2263 0.2255, 0.5856 -0.2198 0.2435, 0.5893 -0.1626 0.2651, 0.5804 -0.1602 0.2893, 0.5757 -0.1746 0.2893, 0.6422 -0.1772 0.212, 0.6209 -0.1714 0.2255, 0.603 -0.1664 0.2435, 0.6015 -0.1091 0.2651, 0.5924 -0.1075 0.2893, 0.5902 -0.1174 0.2893, 0.6555 -0.119 0.212, 0.6338 -0.115 0.2255, 0.6155 -0.1117 0.2435, 0.6088 -0.0548 0.2651, 0.5997 -0.054 0.2893, 0.599 -0.059 0.2893, 0.6635 -0.0597 0.212, 0.6415 -0.0577 0.2255, 0.623 -0.0561 0.2435, 0.6662 0.0 0.212, 0.6441 0.0 0.2255, 0.6255 0.0 0.2435, 0.6113 0.0 0.2651, 0.6021 0.0 0.2893, -0.5001 0.3342 0.2893, -0.4871 0.3539 0.2893, -0.4945 0.3593 0.2651, -0.465 0.3816 0.2893, -0.4534 0.3961 0.2893, -0.4603 0.4022 0.2651, -0.4254 0.4254 0.2893, -0.4161 0.4352 0.2893, -0.4224 0.4418 0.2651, -0.3817 0.4652 0.2893, -0.3754 0.4707 0.2893, -0.3811 0.4779 0.2651, -0.2303 0.556 0.2893, -0.1861 0.5726 0.2893, -0.1889 0.5814 0.2651, -0.1747 0.5758 0.2893, -0.134 0.587 0.2893, -0.136 0.596 0.2651, -0.1174 0.59 0.2893, -0.0808 0.5966 0.2893, -0.0821 0.6057 0.2651, -0.059 0.5986 0.2893, -0.027 0.6015 0.2893, -0.0274 0.6107 0.2651, 0.1747 0.5758 0.2893, 0.1861 0.5726 0.2893, 0.1889 0.5814 0.2651, 0.2303 0.556 0.2893, 0.2366 0.5536 0.2893, 0.2402 0.5621 0.2651, 0.3817 0.4652 0.2893, 0.4161 0.4352 0.2893, 0.4224 0.4418 0.2651, 0.4254 0.4254 0.2893, 0.4534 0.3961 0.2893, 0.4603 0.4022 0.2651, 0.465 0.3816 0.2893, 0.4871 0.3539 0.2893, 0.4945 0.3593 0.2651, 0.5757 0.1746 0.2893, 0.5804 0.1602 0.2893, 0.5893 0.1626 0.2651, -0.3273 0.6082 0.2036, -0.3805 0.5764 0.2036, -0.367 0.556 0.212, -0.7135 0.0642 0.2008, -0.7049 0.1279 0.2008, -0.6879 0.0619 0.2036, -0.6906 0.1906 0.2008, -0.6796 0.1233 0.2036, -0.6707 0.2517 0.2008, -0.6658 0.1838 0.2036, -0.6455 0.3108 0.2008, -0.6467 0.2427 0.2036, -0.615 0.3675 0.2008, -0.6223 0.2997 0.2036, -0.5796 0.4211 0.2008, -0.5929 0.3543 0.2036, -0.5395 0.4714 0.2008, -0.5588 0.406 0.2036, 0.6879 0.0619 0.2036, -0.3947 0.5979 0.2008, -0.3395 0.6309 0.2008, -0.2816 0.6588 0.2008, 0.6635 0.0597 0.212, -0.4016 0.5036 0.2255, -0.4154 0.5209 0.212, -0.4306 0.54 0.2036, -0.4467 0.5601 0.2008, 0.6555 0.119 0.212, 0.6338 0.115 0.2255, 0.6209 0.1714 0.2255, 0.603 0.1664 0.2435, -0.4323 0.4521 0.2435, -0.4451 0.4656 0.2255, -0.4604 0.4815 0.212, -0.4773 0.4992 0.2036, -0.4951 0.5178 0.2008, 0.623 0.0561 0.2435, 0.6415 0.0577 0.2255, 0.6155 0.1117 0.2435, -0.4711 0.4116 0.2435, -0.4851 0.4238 0.2255, -0.5017 0.4383 0.212, -0.5201 0.4544 0.2036, 0.6088 0.0548 0.2651, 0.6015 0.1091 0.2651, 0.5507 0.2652 0.2651, 0.5723 0.2148 0.2651, 0.5856 0.2198 0.2435, 0.6455 0.3108 0.2008, 0.615 0.3675 0.2008, 0.5929 0.3543 0.2036, 0.5588 0.406 0.2036, 0.539 0.3916 0.212, 0.5017 0.4383 0.212, 0.4851 0.4238 0.2255, 0.4451 0.4656 0.2255, 0.4323 0.4521 0.2435, 0.39 0.4891 0.2435, 0.3811 0.4779 0.2651, 0.3368 0.5102 0.2651, 0.5796 0.4211 0.2008, 0.5201 0.4544 0.2036, 0.4604 0.4815 0.212, 0.4016 0.5036 0.2255, 0.3446 0.522 0.2435, 0.2897 0.5383 0.2651, 0.2853 0.5302 0.2893, 0.2838 0.5309 0.2893, 0.4467 0.5601 0.2008, 0.3947 0.5979 0.2008, 0.3805 0.5764 0.2036, 0.3273 0.6082 0.2036, 0.3157 0.5867 0.212, 0.2618 0.6126 0.212, 0.2532 0.5923 0.2255, 0.199 0.6126 0.2255, 0.1933 0.5949 0.2435, 0.1392 0.6098 0.2435, 0.136 0.596 0.2651, 0.0821 0.6057 0.2651, 0.0321 0.7157 0.2008, -0.0321 0.7157 0.2008, -0.031 0.69 0.2036, -0.0927 0.6845 0.2036, -0.0894 0.6602 0.212, -0.1482 0.6495 0.212, -0.1433 0.628 0.2255, -0.199 0.6126 0.2255, -0.1933 0.5949 0.2435, -0.2458 0.5752 0.2435, -0.2402 0.5621 0.2651, -0.2897 0.5383 0.2651, -0.0962 0.7099 0.2008, -0.1537 0.6734 0.2036, -0.2059 0.6336 0.212, -0.2532 0.5923 0.2255, -0.2964 0.5508 0.2435, -0.3368 0.5102 0.2651, -0.3317 0.5025 0.2893, -0.3344 0.5005 0.2893, 0.5997 0.054 0.2893, 0.599 0.059 0.2893, 0.5924 0.1075 0.2893, 0.5902 0.1174 0.2893, 0.5637 0.2116 0.2893, 0.5001 0.3342 0.2893, 0.5169 0.3088 0.2893, 0.5248 0.3135 0.2651, 0.5636 0.2714 0.2435, 0.6031 0.2263 0.2255, 0.6422 0.1772 0.212, 0.6796 0.1233 0.2036, 0.7135 0.0642 0.2008, 0.5305 0.2835 0.2893, 0.5425 0.2612 0.2893, 0.5557 0.2302 0.2893, 0.537 0.3208 0.2435, 0.5803 0.2795 0.2255, 0.6237 0.2341 0.212, 0.6658 0.1838 0.2036, 0.7049 0.1279 0.2008, 0.5061 0.3677 0.2435, 0.553 0.3304 0.2255, 0.6002 0.2891 0.212, 0.6467 0.2427 0.2036, 0.6906 0.1906 0.2008, 0.4711 0.4116 0.2435, 0.5211 0.3786 0.2255, 0.5719 0.3417 0.212, 0.6223 0.2997 0.2036, 0.6707 0.2517 0.2008, 0.3317 0.5025 0.2893, 0.3344 0.5005 0.2893, 0.3754 0.4707 0.2893, 0.2964 0.5508 0.2435, 0.3548 0.5376 0.2255, 0.4154 0.5209 0.212, 0.4773 0.4992 0.2036, 0.5395 0.4714 0.2008, 0.2458 0.5752 0.2435, 0.3052 0.5672 0.2255, 0.367 0.556 0.212, 0.4306 0.54 0.2036, 0.4951 0.5178 0.2008, 0.134 0.587 0.2893, 0.0 0.6015 0.2893, 0.027 0.6015 0.2893, 0.0274 0.6107 0.2651, 0.084 0.6199 0.2435, 0.1433 0.628 0.2255, 0.2059 0.6336 0.212, 0.2715 0.6351 0.2036, 0.3395 0.6309 0.2008, 0.059 0.5986 0.2893, 0.0808 0.5966 0.2893, 0.1174 0.59 0.2893, 0.0281 0.6249 0.2435, 0.0865 0.6383 0.2255, 0.1482 0.6495 0.212, 0.2134 0.6569 0.2036, 0.2816 0.6588 0.2008, -0.0281 0.6249 0.2435, 0.0289 0.6435 0.2255, 0.0894 0.6602 0.212, 0.1537 0.6734 0.2036, 0.2214 0.6814 0.2008, -0.084 0.6199 0.2435, -0.0289 0.6435 0.2255, 0.0299 0.6655 0.212, 0.0927 0.6845 0.2036, 0.1594 0.6985 0.2008, -0.1392 0.6098 0.2435, -0.0865 0.6383 0.2255, -0.0299 0.6655 0.212, 0.031 0.69 0.2036, 0.0962 0.7099 0.2008, -0.2853 0.5302 0.2893, -0.2838 0.5309 0.2893, -0.2366 0.5536 0.2893, -0.3446 0.522 0.2435, -0.3052 0.5672 0.2255, -0.2618 0.6126 0.212, -0.2134 0.6569 0.2036, -0.1594 0.6985 0.2008, -0.39 0.4891 0.2435, -0.3548 0.5376 0.2255, -0.3157 0.5867 0.212, -0.2715 0.6351 0.2036, -0.2214 0.6814 0.2008, -0.539 0.3916 0.212, -0.5211 0.3786 0.2255, -0.5061 0.3677 0.2435, -0.5719 0.3417 0.212, -0.553 0.3304 0.2255, -0.537 0.3208 0.2435, -0.5248 0.3135 0.2651, -0.5169 0.3088 0.2893, -0.5507 0.2652 0.2651, -0.5425 0.2612 0.2893, -0.5305 0.2835 0.2893, -0.6002 0.2891 0.212, -0.5803 0.2795 0.2255, -0.5636 0.2714 0.2435, -0.5723 0.2148 0.2651, -0.5637 0.2116 0.2893, -0.5557 0.2302 0.2893, -0.6237 0.2341 0.212, -0.6031 0.2263 0.2255, -0.5856 0.2198 0.2435, -0.5893 0.1626 0.2651, -0.5804 0.1602 0.2893, -0.5757 0.1746 0.2893, -0.6422 0.1772 0.212, -0.6209 0.1714 0.2255, -0.603 0.1664 0.2435, -0.6015 0.1091 0.2651, -0.5924 0.1075 0.2893, -0.5902 0.1174 0.2893, -0.6555 0.119 0.212, -0.6338 0.115 0.2255, -0.6155 0.1117 0.2435, -0.6088 0.0548 0.2651, -0.5997 0.054 0.2893, -0.599 0.059 0.2893, -0.6635 0.0597 0.212, -0.6415 0.0577 0.2255, -0.623 0.0561 0.2435, -0.609 -0.0526 0.7664, -0.6113 -0.0 0.7664, -0.6021 0.0 0.7422, -0.5999 -0.0518 0.7422, -0.5989 -0.059 0.7422, -0.6022 -0.1048 0.7664, -0.5932 -0.1032 0.7422, -0.5901 -0.1174 0.7422, -0.591 -0.1562 0.7664, -0.5821 -0.1539 0.7422, -0.5756 -0.1746 0.7422, -0.5753 -0.2065 0.7664, -0.5667 -0.2034 0.7422, -0.5554 -0.2552 0.7664, -0.5557 -0.2302 0.7422, -0.5471 -0.2514 0.7422, -0.5314 -0.3021 0.7664, -0.5306 -0.2836 0.7422, -0.5234 -0.2975 0.7422, -0.5004 -0.3343 0.7422, -0.5035 -0.3467 0.7664, -0.4959 -0.3415 0.7422, -0.4654 -0.3819 0.7422, -0.4718 -0.3887 0.7664, -0.4647 -0.3829 0.7422, -0.4366 -0.4279 0.7664, -0.43 -0.4214 0.7422, -0.4256 -0.4256 0.7422, -0.3982 -0.4638 0.7664, -0.3922 -0.4569 0.7422, -0.3817 -0.4651 0.7422, -0.3568 -0.4964 0.7664, -0.3514 -0.4889 0.7422, -0.3342 -0.5002 0.7422, -0.3127 -0.5252 0.7664, -0.308 -0.5173 0.7422, -0.2664 -0.5502 0.7664, -0.2836 -0.5305 0.7422, -0.2624 -0.5419 0.7422, -0.2181 -0.5711 0.7664, -0.2302 -0.5558 0.7422, -0.2148 -0.5625 0.7422, -0.2231 -0.5844 0.788, -0.2726 -0.563 0.788, -0.32 -0.5375 0.788, -0.3651 -0.5079 0.788, -0.4074 -0.4746 0.788, -0.4468 -0.4378 0.788, -0.4828 -0.3978 0.788, -0.5152 -0.3548 0.788, -0.5438 -0.3091 0.788, -0.5684 -0.2612 0.788, -0.5888 -0.2113 0.788, -0.6047 -0.1599 0.788, -0.6163 -0.1072 0.788, -0.6232 -0.0538 0.788, -0.6255 -0.0 0.788, -0.2298 -0.6018 0.806, -0.2807 -0.5797 0.806, -0.3295 -0.5534 0.806, -0.3759 -0.523 0.806, -0.4195 -0.4888 0.806, -0.46 -0.4508 0.806, -0.4971 -0.4096 0.806, -0.5305 -0.3653 0.806, -0.56 -0.3183 0.806, -0.5853 -0.2689 0.806, -0.6063 -0.2176 0.806, -0.6227 -0.1646 0.806, -0.6346 -0.1104 0.806, -0.6417 -0.0554 0.806, -0.6441 -0.0 0.806, -0.2377 -0.6224 0.8195, -0.2903 -0.5996 0.8195, -0.3408 -0.5724 0.8195, -0.3888 -0.541 0.8195, -0.4339 -0.5055 0.8195, -0.4758 -0.4663 0.8195, -0.5142 -0.4236 0.8195, -0.5487 -0.3778 0.8195, -0.5792 -0.3292 0.8195, -0.6054 -0.2782 0.8195, -0.627 -0.225 0.8195, -0.6441 -0.1703 0.8195, -0.6563 -0.1142 0.8195, -0.6637 -0.0573 0.8195, -0.6662 -0.0 0.8195, -0.2464 -0.6453 0.8279, -0.301 -0.6217 0.8279, -0.3534 -0.5935 0.8279, -0.4031 -0.5609 0.8279, -0.4499 -0.5241 0.8279, -0.4933 -0.4834 0.8279, -0.5331 -0.4392 0.8279, -0.5689 -0.3917 0.8279, -0.6005 -0.3413 0.8279, -0.6276 -0.2884 0.8279, -0.6501 -0.2333 0.8279, -0.6678 -0.1765 0.8279, -0.6805 -0.1184 0.8279, -0.6881 -0.0594 0.8279, -0.6907 -0.0 0.8279, -0.2556 -0.6693 0.8307, -0.3122 -0.6448 0.8307, -0.3665 -0.6156 0.8307, -0.4181 -0.5817 0.8307, -0.4666 -0.5436 0.8307, -0.5117 -0.5015 0.8307, -0.5529 -0.4556 0.8307, -0.5901 -0.4063 0.8307, -0.6228 -0.354 0.8307, -0.651 -0.2991 0.8307, -0.6743 -0.242 0.8307, -0.6926 -0.1831 0.8307, -0.7058 -0.1228 0.8307, -0.7138 -0.0616 0.8307, -0.7164 -0.0 0.8307, 0.2377 -0.6224 0.8195, 0.2464 -0.6453 0.8279, 0.2122 -0.6472 0.8259, -0.2 -0.5679 0.7424, -0.2034 -0.576 0.7657, -0.1748 -0.5764 0.7436, -0.1731 -0.5854 0.7653, -0.1698 -0.5781 0.7439, -0.1543 -0.5827 0.745, -0.1574 -0.5897 0.7656, -0.1222 -0.5911 0.7478, -0.1249 -0.5975 0.7668, -0.1177 -0.592 0.7482, -0.0925 -0.6036 0.7684, -0.0904 -0.5975 0.7506, -0.0591 -0.6021 0.753, -0.0606 -0.6079 0.7698, -0.0285 -0.6047 0.7545, -0.0292 -0.6104 0.7708, 0.0 -0.6055 0.755, 0.0019 -0.6112 0.7711, 0.0018 -0.6055 0.755, 0.0321 -0.6045 0.7544, 0.0329 -0.6102 0.7707, 0.0593 -0.6019 0.7529, 0.0663 -0.6073 0.7696, 0.0647 -0.6014 0.7526, 0.0945 -0.5968 0.7503, 0.0967 -0.6029 0.7681, 0.1177 -0.5919 0.7482, 0.1272 -0.597 0.7667, 0.1244 -0.5905 0.7476, 0.1545 -0.5827 0.745, 0.1577 -0.5896 0.7656, 0.1748 -0.5763 0.7436, 0.188 -0.5809 0.7653, 0.1846 -0.5733 0.743, 0.2148 -0.5625 0.7422, 0.2181 -0.5711 0.7664, 0.1926 -0.5927 0.7856, 0.1617 -0.6002 0.7845, 0.1306 -0.6066 0.7843, 0.0993 -0.6118 0.7847, 0.0681 -0.6156 0.7853, 0.0338 -0.6182 0.7859, 0.0019 -0.6191 0.7861, -0.03 -0.6184 0.7859, -0.0622 -0.6162 0.7855, -0.095 -0.6124 0.7848, -0.1282 -0.607 0.7844, -0.1615 -0.6002 0.7845, -0.1774 -0.5965 0.7849, -0.2083 -0.5885 0.7866, 0.2231 -0.5844 0.788, 0.1984 -0.6081 0.8028, 0.1666 -0.6139 0.8009, 0.1344 -0.619 0.8, 0.1022 -0.6232 0.7997, 0.0701 -0.6263 0.7997, 0.0348 -0.6284 0.7998, 0.002 -0.6291 0.7999, -0.0309 -0.6285 0.7998, -0.0641 -0.6267 0.7997, -0.0978 -0.6237 0.7996, -0.132 -0.6194 0.7999, -0.1663 -0.614 0.8009, -0.1827 -0.611 0.8018, -0.2145 -0.6049 0.8043, 0.2298 -0.6018 0.806, 0.205 -0.6265 0.8165, 0.172 -0.6304 0.8144, 0.1387 -0.6339 0.8132, 0.1054 -0.6368 0.8125, 0.0723 -0.639 0.8122, 0.0359 -0.6405 0.8121, 0.002 -0.641 0.8121, -0.0318 -0.6406 0.8121, -0.0661 -0.6393 0.8122, -0.1009 -0.6371 0.8124, -0.1362 -0.6341 0.8131, -0.1717 -0.6304 0.8144, -0.1887 -0.6285 0.8153, -0.2217 -0.6244 0.8179, 0.1778 -0.6491 0.8245, 0.1433 -0.6508 0.8235, 0.1088 -0.6523 0.8229, 0.0746 -0.6534 0.8226, 0.037 -0.6542 0.8224, 0.0021 -0.6545 0.8224, -0.0328 -0.6542 0.8224, -0.0681 -0.6536 0.8226, -0.1041 -0.6525 0.8229, -0.1407 -0.651 0.8235, -0.1775 -0.6491 0.8245, -0.1952 -0.6481 0.8251, -0.2297 -0.6462 0.8268, -0.238 -0.6693 0.8307, -0.202 -0.6693 0.8307, -0.1835 -0.6693 0.8307, -0.1453 -0.6693 0.8307, -0.1074 -0.6693 0.8307, -0.0703 -0.6693 0.8307, -0.0338 -0.6693 0.8307, 0.0022 -0.6693 0.8307, 0.0382 -0.6693 0.8307, 0.0769 -0.6693 0.8307, 0.1123 -0.6693 0.8307, 0.148 -0.6693 0.8307, 0.1838 -0.6693 0.8307, 0.2197 -0.6693 0.8307, 0.2556 -0.6693 0.8307, -0.2181 0.5711 0.7664, -0.2148 0.5625 0.7422, -0.2302 0.5558 0.7422, -0.2664 0.5502 0.7664, -0.2624 0.5419 0.7422, -0.2836 0.5305 0.7422, -0.3127 0.5252 0.7664, -0.308 0.5173 0.7422, -0.3568 0.4964 0.7664, -0.3342 0.5002 0.7422, -0.3514 0.4889 0.7422, -0.3817 0.4651 0.7422, -0.3982 0.4638 0.7664, -0.3922 0.4569 0.7422, -0.4256 0.4256 0.7422, -0.4366 0.4279 0.7664, -0.43 0.4214 0.7422, -0.4718 0.3887 0.7664, -0.4647 0.3829 0.7422, -0.4654 0.3819 0.7422, -0.5035 0.3467 0.7664, -0.4959 0.3415 0.7422, -0.5004 0.3343 0.7422, -0.5314 0.3021 0.7664, -0.5234 0.2975 0.7422, -0.5306 0.2836 0.7422, -0.5554 0.2552 0.7664, -0.5471 0.2514 0.7422, -0.5557 0.2302 0.7422, -0.5753 0.2065 0.7664, -0.5667 0.2034 0.7422, -0.591 0.1562 0.7664, -0.5756 0.1746 0.7422, -0.5821 0.1539 0.7422, -0.5901 0.1174 0.7422, -0.6022 0.1048 0.7664, -0.5999 0.0518 0.7422, -0.609 0.0526 0.7664, -0.5989 0.059 0.7422, -0.5932 0.1032 0.7422, -0.6232 0.0538 0.788, -0.6163 0.1072 0.788, -0.6047 0.1599 0.788, -0.5888 0.2113 0.788, -0.5684 0.2612 0.788, -0.5438 0.3091 0.788, -0.5152 0.3548 0.788, -0.4828 0.3978 0.788, -0.4468 0.4378 0.788, -0.4074 0.4746 0.788, -0.3651 0.5079 0.788, -0.32 0.5375 0.788, -0.2726 0.563 0.788, -0.2231 0.5844 0.788, -0.6417 0.0554 0.806, -0.6346 0.1104 0.806, -0.6227 0.1646 0.806, -0.6063 0.2176 0.806, -0.5853 0.2689 0.806, -0.56 0.3183 0.806, -0.5305 0.3653 0.806, -0.4971 0.4096 0.806, -0.46 0.4508 0.806, -0.4195 0.4888 0.806, -0.3759 0.523 0.806, -0.3295 0.5534 0.806, -0.2807 0.5797 0.806, -0.2298 0.6018 0.806, -0.6637 0.0573 0.8195, -0.6563 0.1142 0.8195, -0.6441 0.1703 0.8195, -0.627 0.225 0.8195, -0.6054 0.2782 0.8195, -0.5792 0.3292 0.8195, -0.5487 0.3778 0.8195, -0.5142 0.4236 0.8195, -0.4758 0.4663 0.8195, -0.4339 0.5055 0.8195, -0.3888 0.541 0.8195, -0.3408 0.5724 0.8195, -0.2903 0.5996 0.8195, -0.2377 0.6224 0.8195, -0.6881 0.0594 0.8279, -0.6805 0.1184 0.8279, -0.6678 0.1765 0.8279, -0.6501 0.2333 0.8279, -0.6276 0.2884 0.8279, -0.6005 0.3413 0.8279, -0.5689 0.3917 0.8279, -0.5331 0.4392 0.8279, -0.4933 0.4834 0.8279, -0.4499 0.5241 0.8279, -0.4031 0.5609 0.8279, -0.3534 0.5935 0.8279, -0.301 0.6217 0.8279, -0.2464 0.6453 0.8279, -0.7138 0.0616 0.8307, -0.7058 0.1228 0.8307, -0.6926 0.1831 0.8307, -0.6743 0.242 0.8307, -0.651 0.2991 0.8307, -0.6228 0.354 0.8307, -0.5901 0.4063 0.8307, -0.5529 0.4556 0.8307, -0.5117 0.5015 0.8307, -0.4666 0.5436 0.8307, -0.4181 0.5817 0.8307, -0.3665 0.6156 0.8307, -0.3122 0.6448 0.8307, -0.2556 0.6693 0.8307, 0.2302 -0.5558 0.7422, 0.2664 -0.5502 0.7664, 0.2624 -0.5419 0.7422, 0.2836 -0.5305 0.7422, 0.3127 -0.5252 0.7664, 0.308 -0.5173 0.7422, 0.3568 -0.4964 0.7664, 0.3342 -0.5002 0.7422, 0.3514 -0.4889 0.7422, 0.3817 -0.4651 0.7422, 0.3982 -0.4638 0.7664, 0.3922 -0.4569 0.7422, 0.4256 -0.4256 0.7422, 0.4366 -0.4279 0.7664, 0.43 -0.4214 0.7422, 0.4718 -0.3887 0.7664, 0.4647 -0.3829 0.7422, 0.4654 -0.3819 0.7422, 0.5035 -0.3467 0.7664, 0.4959 -0.3415 0.7422, 0.5004 -0.3343 0.7422, 0.5314 -0.3021 0.7664, 0.5234 -0.2975 0.7422, 0.5306 -0.2836 0.7422, 0.5554 -0.2552 0.7664, 0.5471 -0.2514 0.7422, 0.5557 -0.2302 0.7422, 0.5753 -0.2065 0.7664, 0.5667 -0.2034 0.7422, 0.591 -0.1562 0.7664, 0.5756 -0.1746 0.7422, 0.5821 -0.1539 0.7422, 0.5901 -0.1174 0.7422, 0.6022 -0.1048 0.7664, 0.6021 0.0 0.7422, 0.6113 0.0 0.7664, 0.5999 -0.0518 0.7422, 0.609 -0.0526 0.7664, 0.5989 -0.059 0.7422, 0.5932 -0.1032 0.7422, 0.6255 0.0 0.788, 0.6232 -0.0538 0.788, 0.6163 -0.1072 0.788, 0.6047 -0.1599 0.788, 0.5888 -0.2113 0.788, 0.5684 -0.2612 0.788, 0.5438 -0.3091 0.788, 0.5152 -0.3548 0.788, 0.4828 -0.3978 0.788, 0.4468 -0.4378 0.788, 0.4074 -0.4746 0.788, 0.3651 -0.5079 0.788, 0.32 -0.5375 0.788, 0.2726 -0.563 0.788, 0.6441 0.0 0.806, 0.6417 -0.0554 0.806, 0.6346 -0.1104 0.806, 0.6227 -0.1646 0.806, 0.6063 -0.2176 0.806, 0.5853 -0.2689 0.806, 0.56 -0.3183 0.806, 0.5305 -0.3653 0.806, 0.4971 -0.4096 0.806, 0.46 -0.4508 0.806, 0.4195 -0.4888 0.806, 0.3759 -0.523 0.806, 0.3295 -0.5534 0.806, 0.2807 -0.5797 0.806, 0.6662 0.0 0.8195, 0.6637 -0.0573 0.8195, 0.6563 -0.1142 0.8195, 0.6441 -0.1703 0.8195, 0.627 -0.225 0.8195, 0.6054 -0.2782 0.8195, 0.5792 -0.3292 0.8195, 0.5487 -0.3778 0.8195, 0.5142 -0.4236 0.8195, 0.4758 -0.4663 0.8195, 0.4339 -0.5055 0.8195, 0.3888 -0.541 0.8195, 0.3408 -0.5724 0.8195, 0.2903 -0.5996 0.8195, 0.6907 0.0 0.8279, 0.6881 -0.0594 0.8279, 0.6805 -0.1184 0.8279, 0.6678 -0.1765 0.8279, 0.6501 -0.2333 0.8279, 0.6276 -0.2884 0.8279, 0.6005 -0.3413 0.8279, 0.5689 -0.3917 0.8279, 0.5331 -0.4392 0.8279, 0.4933 -0.4834 0.8279, 0.4499 -0.5241 0.8279, 0.4031 -0.5609 0.8279, 0.3534 -0.5935 0.8279, 0.301 -0.6217 0.8279, 0.7164 0.0 0.8307, 0.7138 -0.0616 0.8307, 0.7058 -0.1228 0.8307, 0.6926 -0.1831 0.8307, 0.6743 -0.242 0.8307, 0.651 -0.2991 0.8307, 0.6228 -0.354 0.8307, 0.5901 -0.4063 0.8307, 0.5529 -0.4556 0.8307, 0.5117 -0.5015 0.8307, 0.4666 -0.5436 0.8307, 0.4181 -0.5817 0.8307, 0.3665 -0.6156 0.8307, 0.3122 -0.6448 0.8307, 0.1748 0.5763 0.7436, 0.1545 0.5827 0.745, 0.1577 0.5896 0.7656, 0.1177 0.5919 0.7482, 0.0945 0.5968 0.7503, 0.0967 0.6029 0.7681, 0.0593 0.6019 0.7529, 0.0321 0.6045 0.7544, 0.0329 0.6102 0.7707, 0.0 0.6055 0.755, -0.0285 0.6047 0.7545, -0.0292 0.6104 0.7708, -0.1177 0.592 0.7482, -0.1222 0.5911 0.7478, -0.1249 0.5975 0.7668, -0.2297 0.6462 0.8268, -0.238 0.6693 0.8307, -0.1748 0.5764 0.7436, -0.2 0.5679 0.7424, -0.2034 0.576 0.7657, -0.1698 0.5781 0.7439, -0.1731 0.5854 0.7653, -0.2083 0.5885 0.7866, -0.1543 0.5827 0.745, -0.1574 0.5897 0.7656, -0.1774 0.5965 0.7849, -0.2145 0.6049 0.8043, -0.1615 0.6002 0.7845, -0.1827 0.611 0.8018, -0.2217 0.6244 0.8179, -0.0904 0.5975 0.7506, -0.0925 0.6036 0.7684, -0.1282 0.607 0.7844, -0.1663 0.614 0.8009, -0.1887 0.6285 0.8153, -0.0591 0.6021 0.753, -0.0606 0.6079 0.7698, -0.095 0.6124 0.7848, -0.132 0.6194 0.7999, -0.1717 0.6304 0.8144, -0.1952 0.6481 0.8251, -0.202 0.6693 0.8307, -0.0622 0.6162 0.7855, -0.0978 0.6237 0.7996, -0.1362 0.6341 0.8131, -0.1775 0.6491 0.8245, -0.1835 0.6693 0.8307, 0.0018 0.6055 0.755, 0.0019 0.6112 0.7711, -0.03 0.6184 0.7859, -0.0641 0.6267 0.7997, -0.1009 0.6371 0.8124, -0.1407 0.651 0.8235, -0.1453 0.6693 0.8307, 0.0019 0.6191 0.7861, -0.0309 0.6285 0.7998, -0.0661 0.6393 0.8122, -0.1041 0.6525 0.8229, -0.1074 0.6693 0.8307, 0.0647 0.6014 0.7526, 0.0663 0.6073 0.7696, 0.0338 0.6182 0.7859, 0.002 0.6291 0.7999, -0.0318 0.6406 0.8121, -0.0681 0.6536 0.8226, -0.0703 0.6693 0.8307, 0.0681 0.6156 0.7853, 0.0348 0.6284 0.7998, 0.002 0.641 0.8121, -0.0328 0.6542 0.8224, -0.0338 0.6693 0.8307, 0.1244 0.5905 0.7476, 0.1272 0.597 0.7667, 0.0993 0.6118 0.7847, 0.0701 0.6263 0.7997, 0.0359 0.6405 0.8121, 0.0021 0.6545 0.8224, 0.0022 0.6693 0.8307, 0.1306 0.6066 0.7843, 0.1022 0.6232 0.7997, 0.0723 0.639 0.8122, 0.037 0.6542 0.8224, 0.0382 0.6693 0.8307, 0.1838 0.6693 0.8307, 0.2197 0.6693 0.8307, 0.1778 0.6491 0.8245, 0.2122 0.6472 0.8259, 0.205 0.6265 0.8165, 0.148 0.6693 0.8307, 0.1433 0.6508 0.8235, 0.172 0.6304 0.8144, 0.1984 0.6081 0.8028, 0.1123 0.6693 0.8307, 0.1088 0.6523 0.8229, 0.1387 0.6339 0.8132, 0.1666 0.6139 0.8009, 0.1926 0.5927 0.7856, 0.0769 0.6693 0.8307, 0.0746 0.6534 0.8226, 0.1054 0.6368 0.8125, 0.1344 0.619 0.8, 0.1617 0.6002 0.7845, 0.188 0.5809 0.7653, 0.1846 0.5733 0.743, 0.2148 0.5625 0.7422, 0.2181 0.5711 0.7664, 0.2231 0.5844 0.788, 0.2298 0.6018 0.806, 0.2377 0.6224 0.8195, 0.2464 0.6453 0.8279, 0.2556 0.6693 0.8307, 0.609 0.0526 0.7664, 0.5999 0.0518 0.7422, 0.5989 0.059 0.7422, 0.6022 0.1048 0.7664, 0.5932 0.1032 0.7422, 0.5901 0.1174 0.7422, 0.591 0.1562 0.7664, 0.5821 0.1539 0.7422, 0.5756 0.1746 0.7422, 0.5753 0.2065 0.7664, 0.5667 0.2034 0.7422, 0.5554 0.2552 0.7664, 0.5557 0.2302 0.7422, 0.5471 0.2514 0.7422, 0.5314 0.3021 0.7664, 0.5306 0.2836 0.7422, 0.5234 0.2975 0.7422, 0.5004 0.3343 0.7422, 0.5035 0.3467 0.7664, 0.4959 0.3415 0.7422, 0.4654 0.3819 0.7422, 0.4718 0.3887 0.7664, 0.4647 0.3829 0.7422, 0.4366 0.4279 0.7664, 0.43 0.4214 0.7422, 0.4256 0.4256 0.7422, 0.3982 0.4638 0.7664, 0.3922 0.4569 0.7422, 0.3817 0.4651 0.7422, 0.3568 0.4964 0.7664, 0.3514 0.4889 0.7422, 0.3342 0.5002 0.7422, 0.3127 0.5252 0.7664, 0.308 0.5173 0.7422, 0.2664 0.5502 0.7664, 0.2836 0.5305 0.7422, 0.2624 0.5419 0.7422, 0.2302 0.5558 0.7422, 0.2726 0.563 0.788, 0.32 0.5375 0.788, 0.3651 0.5079 0.788, 0.4074 0.4746 0.788, 0.4468 0.4378 0.788, 0.4828 0.3978 0.788, 0.5152 0.3548 0.788, 0.5438 0.3091 0.788, 0.5684 0.2612 0.788, 0.5888 0.2113 0.788, 0.6047 0.1599 0.788, 0.6163 0.1072 0.788, 0.6232 0.0538 0.788, 0.2807 0.5797 0.806, 0.3295 0.5534 0.806, 0.3759 0.523 0.806, 0.4195 0.4888 0.806, 0.46 0.4508 0.806, 0.4971 0.4096 0.806, 0.5305 0.3653 0.806, 0.56 0.3183 0.806, 0.5853 0.2689 0.806, 0.6063 0.2176 0.806, 0.6227 0.1646 0.806, 0.6346 0.1104 0.806, 0.6417 0.0554 0.806, 0.2903 0.5996 0.8195, 0.3408 0.5724 0.8195, 0.3888 0.541 0.8195, 0.4339 0.5055 0.8195, 0.4758 0.4663 0.8195, 0.5142 0.4236 0.8195, 0.5487 0.3778 0.8195, 0.5792 0.3292 0.8195, 0.6054 0.2782 0.8195, 0.627 0.225 0.8195, 0.6441 0.1703 0.8195, 0.6563 0.1142 0.8195, 0.6637 0.0573 0.8195, 0.301 0.6217 0.8279, 0.3534 0.5935 0.8279, 0.4031 0.5609 0.8279, 0.4499 0.5241 0.8279, 0.4933 0.4834 0.8279, 0.5331 0.4392 0.8279, 0.5689 0.3917 0.8279, 0.6005 0.3413 0.8279, 0.6276 0.2884 0.8279, 0.6501 0.2333 0.8279, 0.6678 0.1765 0.8279, 0.6805 0.1184 0.8279, 0.6881 0.0594 0.8279, 0.3122 0.6448 0.8307, 0.3665 0.6156 0.8307, 0.4181 0.5817 0.8307, 0.4666 0.5436 0.8307, 0.5117 0.5015 0.8307, 0.5529 0.4556 0.8307, 0.5901 0.4063 0.8307, 0.6228 0.354 0.8307, 0.651 0.2991 0.8307, 0.6743 0.242 0.8307, 0.6926 0.1831 0.8307, 0.7058 0.1228 0.8307, 0.7138 0.0616 0.8307
            ]
        }
        coordIndex [
            0,1,2,-1,3,4,5,-1,6,7,8,-1,9,10,11,-1,12,13,14,-1,15,16,17,-1,18,19,20,-1,21,22,23,-1,24,25,26,-1,27,28,29,-1,30,31,32,-1,33,34,35,-1,36,37,38,-1,39,40,41,-1,42,43,44,-1,45,46,47,-1,48,45,49,-1,50,48,51,-1,52,50,53,-1,54,52,55,-1,56,54,57,-1,58,56,59,-1,60,58,61,-1,62,63,64,-1,65,43,66,-1,66,43,42,-1,66,42,67,-1,68,69,63,-1,70,44,71,-1,71,44,43,-1,71,43,72,-1,72,43,65,-1,72,65,73,-1,63,62,68,-1,68,62,74,-1,68,74,75,-1,75,74,76,-1,75,76,77,-1,78,70,79,-1,79,70,71,-1,79,71,80,-1,80,71,72,-1,80,72,81,-1,81,72,73,-1,81,73,82,-1,83,84,85,-1,69,68,86,-1,86,68,75,-1,86,75,87,-1,87,75,77,-1,87,77,41,-1,5,78,88,-1,88,78,79,-1,88,79,89,-1,89,79,80,-1,89,80,90,-1,90,80,81,-1,90,81,91,-1,91,81,82,-1,91,82,60,-1,92,84,93,-1,93,84,83,-1,93,83,94,-1,95,96,97,-1,98,99,100,-1,100,99,101,-1,100,101,102,-1,102,101,103,-1,102,103,104,-1,104,103,105,-1,104,105,106,-1,106,105,107,-1,106,107,108,-1,108,107,109,-1,99,110,101,-1,101,110,111,-1,101,111,103,-1,103,111,112,-1,103,112,105,-1,105,112,113,-1,105,113,107,-1,107,113,114,-1,107,114,109,-1,109,114,115,-1,109,115,116,-1,116,115,117,-1,118,119,120,-1,120,119,121,-1,120,121,122,-1,122,121,123,-1,122,123,124,-1,124,123,125,-1,124,125,126,-1,126,125,127,-1,126,127,128,-1,128,127,129,-1,130,131,132,-1,132,131,133,-1,132,133,134,-1,134,133,135,-1,134,135,136,-1,136,135,137,-1,136,137,138,-1,138,137,139,-1,138,139,140,-1,140,139,141,-1,131,142,133,-1,133,142,143,-1,133,143,135,-1,135,143,144,-1,135,144,137,-1,137,144,145,-1,137,145,139,-1,139,145,146,-1,139,146,141,-1,141,146,147,-1,141,147,148,-1,148,147,149,-1,150,92,151,-1,151,92,93,-1,151,93,152,-1,152,93,94,-1,152,94,153,-1,153,94,154,-1,40,154,41,-1,41,154,94,-1,41,94,87,-1,87,94,83,-1,87,83,86,-1,86,83,85,-1,86,85,69,-1,76,97,77,-1,77,97,96,-1,77,96,41,-1,41,96,155,-1,41,155,39,-1,156,157,158,-1,158,157,95,-1,158,95,159,-1,159,95,97,-1,159,97,160,-1,160,97,76,-1,160,76,161,-1,161,76,74,-1,161,74,162,-1,162,74,62,-1,162,62,163,-1,163,62,64,-1,157,164,95,-1,95,164,165,-1,95,165,96,-1,96,165,166,-1,96,166,155,-1,37,156,38,-1,38,156,158,-1,38,158,167,-1,167,158,159,-1,167,159,168,-1,168,159,160,-1,168,160,169,-1,169,160,161,-1,169,161,170,-1,170,161,162,-1,170,162,171,-1,171,162,163,-1,34,36,35,-1,35,36,38,-1,35,38,172,-1,172,38,167,-1,172,167,173,-1,173,167,168,-1,173,168,174,-1,174,168,169,-1,174,169,175,-1,175,169,170,-1,175,170,176,-1,176,170,171,-1,31,33,32,-1,32,33,35,-1,32,35,177,-1,177,35,172,-1,177,172,178,-1,178,172,173,-1,178,173,179,-1,179,173,174,-1,179,174,180,-1,180,174,175,-1,180,175,181,-1,181,175,176,-1,181,98,180,-1,180,98,100,-1,180,100,179,-1,179,100,102,-1,179,102,178,-1,178,102,104,-1,178,104,177,-1,177,104,106,-1,177,106,32,-1,32,106,108,-1,32,108,30,-1,116,182,109,-1,109,182,183,-1,109,183,108,-1,108,183,184,-1,108,184,30,-1,28,117,29,-1,29,117,115,-1,29,115,185,-1,185,115,114,-1,185,114,186,-1,186,114,113,-1,186,113,187,-1,187,113,112,-1,187,112,188,-1,188,112,111,-1,188,111,189,-1,189,111,110,-1,25,27,26,-1,26,27,29,-1,26,29,190,-1,190,29,185,-1,190,185,191,-1,191,185,186,-1,191,186,192,-1,192,186,187,-1,192,187,193,-1,193,187,188,-1,193,188,194,-1,194,188,189,-1,195,24,128,-1,128,24,26,-1,128,26,126,-1,126,26,190,-1,126,190,124,-1,124,190,191,-1,124,191,122,-1,122,191,192,-1,122,192,120,-1,120,192,193,-1,120,193,118,-1,118,193,194,-1,196,197,198,-1,198,197,129,-1,198,129,199,-1,199,129,127,-1,199,127,200,-1,200,127,125,-1,200,125,201,-1,201,125,123,-1,201,123,202,-1,202,123,121,-1,202,121,203,-1,203,121,119,-1,197,204,129,-1,129,204,205,-1,129,205,128,-1,128,205,206,-1,128,206,195,-1,22,196,23,-1,23,196,198,-1,23,198,207,-1,207,198,199,-1,207,199,208,-1,208,199,200,-1,208,200,209,-1,209,200,201,-1,209,201,210,-1,210,201,202,-1,210,202,211,-1,211,202,203,-1,19,21,20,-1,20,21,23,-1,20,23,212,-1,212,23,207,-1,212,207,213,-1,213,207,208,-1,213,208,214,-1,214,208,209,-1,214,209,215,-1,215,209,210,-1,215,210,216,-1,216,210,211,-1,16,18,17,-1,17,18,20,-1,17,20,217,-1,217,20,212,-1,217,212,218,-1,218,212,213,-1,218,213,219,-1,219,213,214,-1,219,214,220,-1,220,214,215,-1,220,215,221,-1,221,215,216,-1,13,15,14,-1,14,15,17,-1,14,17,222,-1,222,17,217,-1,222,217,223,-1,223,217,218,-1,223,218,224,-1,224,218,219,-1,224,219,225,-1,225,219,220,-1,225,220,226,-1,226,220,221,-1,226,130,225,-1,225,130,132,-1,225,132,224,-1,224,132,134,-1,224,134,223,-1,223,134,136,-1,223,136,222,-1,222,136,138,-1,222,138,14,-1,14,138,140,-1,14,140,12,-1,148,227,141,-1,141,227,228,-1,141,228,140,-1,140,228,229,-1,140,229,12,-1,10,149,11,-1,11,149,147,-1,11,147,230,-1,230,147,146,-1,230,146,231,-1,231,146,145,-1,231,145,232,-1,232,145,144,-1,232,144,233,-1,233,144,143,-1,233,143,234,-1,234,143,142,-1,7,9,8,-1,8,9,11,-1,8,11,235,-1,235,11,230,-1,235,230,236,-1,236,230,231,-1,236,231,237,-1,237,231,232,-1,237,232,238,-1,238,232,233,-1,238,233,239,-1,239,233,234,-1,4,6,5,-1,5,6,8,-1,5,8,78,-1,78,8,235,-1,78,235,70,-1,70,235,236,-1,70,236,44,-1,44,236,237,-1,44,237,42,-1,42,237,238,-1,42,238,67,-1,67,238,239,-1,60,61,91,-1,91,61,240,-1,91,240,90,-1,90,240,241,-1,90,241,89,-1,89,241,242,-1,89,242,88,-1,88,242,2,-1,88,2,5,-1,5,2,1,-1,5,1,3,-1,58,59,61,-1,61,59,243,-1,61,243,240,-1,240,243,244,-1,240,244,241,-1,241,244,245,-1,241,245,242,-1,242,245,246,-1,242,246,2,-1,2,246,247,-1,2,247,0,-1,248,249,250,-1,56,57,59,-1,59,57,251,-1,59,251,243,-1,243,251,252,-1,243,252,244,-1,244,252,253,-1,244,253,245,-1,245,253,248,-1,245,248,246,-1,246,248,250,-1,246,250,247,-1,254,255,256,-1,54,55,57,-1,57,55,257,-1,57,257,251,-1,251,257,258,-1,251,258,252,-1,252,258,259,-1,252,259,253,-1,253,259,254,-1,253,254,248,-1,248,254,256,-1,248,256,249,-1,260,261,262,-1,52,53,55,-1,55,53,263,-1,55,263,257,-1,257,263,264,-1,257,264,258,-1,258,264,265,-1,258,265,259,-1,259,265,260,-1,259,260,254,-1,254,260,262,-1,254,262,255,-1,266,267,268,-1,50,51,53,-1,53,51,269,-1,53,269,263,-1,263,269,270,-1,263,270,264,-1,264,270,271,-1,264,271,265,-1,265,271,266,-1,265,266,260,-1,260,266,268,-1,260,268,261,-1,272,273,274,-1,48,49,51,-1,51,49,275,-1,51,275,269,-1,269,275,276,-1,269,276,270,-1,270,276,277,-1,270,277,271,-1,271,277,272,-1,271,272,266,-1,266,272,274,-1,266,274,267,-1,45,47,49,-1,49,47,278,-1,49,278,275,-1,275,278,279,-1,275,279,276,-1,276,279,280,-1,276,280,277,-1,277,280,281,-1,277,281,272,-1,272,281,282,-1,272,282,273,-1,283,284,285,-1,286,287,288,-1,289,290,291,-1,292,293,294,-1,295,296,297,-1,298,299,300,-1,301,302,303,-1,304,305,306,-1,307,308,309,-1,310,311,312,-1,313,314,315,-1,316,317,318,-1,319,320,321,-1,322,323,324,-1,325,326,327,-1,328,64,63,-1,329,328,330,-1,331,329,332,-1,333,331,334,-1,335,333,336,-1,337,335,338,-1,339,337,340,-1,341,339,342,-1,343,47,46,-1,344,326,345,-1,345,326,325,-1,345,325,346,-1,347,278,47,-1,348,327,349,-1,349,327,326,-1,349,326,350,-1,350,326,344,-1,350,344,351,-1,47,343,347,-1,347,343,352,-1,347,352,353,-1,353,352,354,-1,353,354,355,-1,356,348,357,-1,357,348,349,-1,357,349,358,-1,358,349,350,-1,358,350,359,-1,359,350,351,-1,359,351,360,-1,361,280,279,-1,278,347,362,-1,362,347,353,-1,362,353,363,-1,363,353,355,-1,363,355,324,-1,288,356,364,-1,364,356,357,-1,364,357,365,-1,365,357,358,-1,365,358,366,-1,366,358,359,-1,366,359,367,-1,367,359,360,-1,367,360,341,-1,281,280,368,-1,368,280,361,-1,368,361,369,-1,370,371,372,-1,373,374,375,-1,375,374,376,-1,375,376,377,-1,377,376,378,-1,377,378,379,-1,379,378,380,-1,379,380,381,-1,381,380,382,-1,381,382,383,-1,383,382,384,-1,374,385,376,-1,376,385,386,-1,376,386,378,-1,378,386,387,-1,378,387,380,-1,380,387,388,-1,380,388,382,-1,382,388,389,-1,382,389,384,-1,384,389,390,-1,384,390,391,-1,391,390,392,-1,393,394,395,-1,395,394,396,-1,395,396,397,-1,397,396,398,-1,397,398,399,-1,399,398,400,-1,399,400,401,-1,401,400,402,-1,401,402,403,-1,403,402,404,-1,405,406,407,-1,407,406,408,-1,407,408,409,-1,409,408,410,-1,409,410,411,-1,411,410,412,-1,411,412,413,-1,413,412,414,-1,413,414,415,-1,415,414,416,-1,406,417,408,-1,408,417,418,-1,408,418,410,-1,410,418,419,-1,410,419,412,-1,412,419,420,-1,412,420,414,-1,414,420,421,-1,414,421,416,-1,416,421,422,-1,416,422,423,-1,423,422,424,-1,282,281,425,-1,425,281,368,-1,425,368,426,-1,426,368,369,-1,426,369,427,-1,427,369,428,-1,323,428,324,-1,324,428,369,-1,324,369,363,-1,363,369,361,-1,363,361,362,-1,362,361,279,-1,362,279,278,-1,354,372,355,-1,355,372,371,-1,355,371,324,-1,324,371,429,-1,324,429,322,-1,430,431,432,-1,432,431,370,-1,432,370,433,-1,433,370,372,-1,433,372,434,-1,434,372,354,-1,434,354,435,-1,435,354,352,-1,435,352,436,-1,436,352,343,-1,436,343,437,-1,437,343,46,-1,431,438,370,-1,370,438,439,-1,370,439,371,-1,371,439,440,-1,371,440,429,-1,320,430,321,-1,321,430,432,-1,321,432,441,-1,441,432,433,-1,441,433,442,-1,442,433,434,-1,442,434,443,-1,443,434,435,-1,443,435,444,-1,444,435,436,-1,444,436,445,-1,445,436,437,-1,317,319,318,-1,318,319,321,-1,318,321,446,-1,446,321,441,-1,446,441,447,-1,447,441,442,-1,447,442,448,-1,448,442,443,-1,448,443,449,-1,449,443,444,-1,449,444,450,-1,450,444,445,-1,314,316,315,-1,315,316,318,-1,315,318,451,-1,451,318,446,-1,451,446,452,-1,452,446,447,-1,452,447,453,-1,453,447,448,-1,453,448,454,-1,454,448,449,-1,454,449,455,-1,455,449,450,-1,455,373,454,-1,454,373,375,-1,454,375,453,-1,453,375,377,-1,453,377,452,-1,452,377,379,-1,452,379,451,-1,451,379,381,-1,451,381,315,-1,315,381,383,-1,315,383,313,-1,391,456,384,-1,384,456,457,-1,384,457,383,-1,383,457,458,-1,383,458,313,-1,311,392,312,-1,312,392,390,-1,312,390,459,-1,459,390,389,-1,459,389,460,-1,460,389,388,-1,460,388,461,-1,461,388,387,-1,461,387,462,-1,462,387,386,-1,462,386,463,-1,463,386,385,-1,308,310,309,-1,309,310,312,-1,309,312,464,-1,464,312,459,-1,464,459,465,-1,465,459,460,-1,465,460,466,-1,466,460,461,-1,466,461,467,-1,467,461,462,-1,467,462,468,-1,468,462,463,-1,469,307,403,-1,403,307,309,-1,403,309,401,-1,401,309,464,-1,401,464,399,-1,399,464,465,-1,399,465,397,-1,397,465,466,-1,397,466,395,-1,395,466,467,-1,395,467,393,-1,393,467,468,-1,470,471,472,-1,472,471,404,-1,472,404,473,-1,473,404,402,-1,473,402,474,-1,474,402,400,-1,474,400,475,-1,475,400,398,-1,475,398,476,-1,476,398,396,-1,476,396,477,-1,477,396,394,-1,471,478,404,-1,404,478,479,-1,404,479,403,-1,403,479,480,-1,403,480,469,-1,305,470,306,-1,306,470,472,-1,306,472,481,-1,481,472,473,-1,481,473,482,-1,482,473,474,-1,482,474,483,-1,483,474,475,-1,483,475,484,-1,484,475,476,-1,484,476,485,-1,485,476,477,-1,302,304,303,-1,303,304,306,-1,303,306,486,-1,486,306,481,-1,486,481,487,-1,487,481,482,-1,487,482,488,-1,488,482,483,-1,488,483,489,-1,489,483,484,-1,489,484,490,-1,490,484,485,-1,299,301,300,-1,300,301,303,-1,300,303,491,-1,491,303,486,-1,491,486,492,-1,492,486,487,-1,492,487,493,-1,493,487,488,-1,493,488,494,-1,494,488,489,-1,494,489,495,-1,495,489,490,-1,296,298,297,-1,297,298,300,-1,297,300,496,-1,496,300,491,-1,496,491,497,-1,497,491,492,-1,497,492,498,-1,498,492,493,-1,498,493,499,-1,499,493,494,-1,499,494,500,-1,500,494,495,-1,500,405,499,-1,499,405,407,-1,499,407,498,-1,498,407,409,-1,498,409,497,-1,497,409,411,-1,497,411,496,-1,496,411,413,-1,496,413,297,-1,297,413,415,-1,297,415,295,-1,423,501,416,-1,416,501,502,-1,416,502,415,-1,415,502,503,-1,415,503,295,-1,293,424,294,-1,294,424,422,-1,294,422,504,-1,504,422,421,-1,504,421,505,-1,505,421,420,-1,505,420,506,-1,506,420,419,-1,506,419,507,-1,507,419,418,-1,507,418,508,-1,508,418,417,-1,290,292,291,-1,291,292,294,-1,291,294,509,-1,509,294,504,-1,509,504,510,-1,510,504,505,-1,510,505,511,-1,511,505,506,-1,511,506,512,-1,512,506,507,-1,512,507,513,-1,513,507,508,-1,287,289,288,-1,288,289,291,-1,288,291,356,-1,356,291,509,-1,356,509,348,-1,348,509,510,-1,348,510,327,-1,327,510,511,-1,327,511,325,-1,325,511,512,-1,325,512,346,-1,346,512,513,-1,341,342,367,-1,367,342,514,-1,367,514,366,-1,366,514,515,-1,366,515,365,-1,365,515,516,-1,365,516,364,-1,364,516,285,-1,364,285,288,-1,288,285,284,-1,288,284,286,-1,339,340,342,-1,342,340,517,-1,342,517,514,-1,514,517,518,-1,514,518,515,-1,515,518,519,-1,515,519,516,-1,516,519,520,-1,516,520,285,-1,285,520,521,-1,285,521,283,-1,522,523,524,-1,337,338,340,-1,340,338,525,-1,340,525,517,-1,517,525,526,-1,517,526,518,-1,518,526,527,-1,518,527,519,-1,519,527,522,-1,519,522,520,-1,520,522,524,-1,520,524,521,-1,528,529,530,-1,335,336,338,-1,338,336,531,-1,338,531,525,-1,525,531,532,-1,525,532,526,-1,526,532,533,-1,526,533,527,-1,527,533,528,-1,527,528,522,-1,522,528,530,-1,522,530,523,-1,534,535,536,-1,333,334,336,-1,336,334,537,-1,336,537,531,-1,531,537,538,-1,531,538,532,-1,532,538,539,-1,532,539,533,-1,533,539,534,-1,533,534,528,-1,528,534,536,-1,528,536,529,-1,540,541,542,-1,331,332,334,-1,334,332,543,-1,334,543,537,-1,537,543,544,-1,537,544,538,-1,538,544,545,-1,538,545,539,-1,539,545,540,-1,539,540,534,-1,534,540,542,-1,534,542,535,-1,546,547,548,-1,329,330,332,-1,332,330,549,-1,332,549,543,-1,543,549,550,-1,543,550,544,-1,544,550,551,-1,544,551,545,-1,545,551,546,-1,545,546,540,-1,540,546,548,-1,540,548,541,-1,328,63,330,-1,330,63,69,-1,330,69,549,-1,549,69,85,-1,549,85,550,-1,550,85,84,-1,550,84,551,-1,551,84,92,-1,551,92,546,-1,546,92,150,-1,546,150,547,-1,552,553,554,-1,554,555,552,-1,552,555,556,-1,552,556,557,-1,556,558,557,-1,557,558,559,-1,557,559,560,-1,559,561,560,-1,560,561,562,-1,560,562,563,-1,563,562,564,-1,563,564,565,-1,564,566,565,-1,565,566,567,-1,565,567,568,-1,568,567,569,-1,569,570,568,-1,568,570,571,-1,568,571,572,-1,571,573,572,-1,572,573,574,-1,572,574,575,-1,575,574,576,-1,575,576,577,-1,576,578,577,-1,577,578,579,-1,577,579,580,-1,579,581,580,-1,580,581,582,-1,580,582,583,-1,582,584,583,-1,583,584,585,-1,583,585,586,-1,586,585,587,-1,586,587,588,-1,587,589,588,-1,588,589,590,-1,588,590,591,-1,591,590,592,-1,591,592,593,-1,591,594,588,-1,588,594,595,-1,588,595,586,-1,586,595,596,-1,586,596,583,-1,583,596,597,-1,583,597,580,-1,580,597,598,-1,580,598,577,-1,577,598,599,-1,577,599,575,-1,575,599,600,-1,575,600,572,-1,572,600,601,-1,572,601,568,-1,568,601,602,-1,568,602,565,-1,565,602,603,-1,565,603,563,-1,563,603,604,-1,563,604,560,-1,560,604,605,-1,560,605,557,-1,557,605,606,-1,557,606,552,-1,552,606,607,-1,552,607,553,-1,553,607,608,-1,594,609,595,-1,595,609,610,-1,595,610,596,-1,596,610,611,-1,596,611,597,-1,597,611,612,-1,597,612,598,-1,598,612,613,-1,598,613,599,-1,599,613,614,-1,599,614,600,-1,600,614,615,-1,600,615,601,-1,601,615,616,-1,601,616,602,-1,602,616,617,-1,602,617,603,-1,603,617,618,-1,603,618,604,-1,604,618,619,-1,604,619,605,-1,605,619,620,-1,605,620,606,-1,606,620,621,-1,606,621,607,-1,607,621,622,-1,607,622,608,-1,608,622,623,-1,609,624,610,-1,610,624,625,-1,610,625,611,-1,611,625,626,-1,611,626,612,-1,612,626,627,-1,612,627,613,-1,613,627,628,-1,613,628,614,-1,614,628,629,-1,614,629,615,-1,615,629,630,-1,615,630,616,-1,616,630,631,-1,616,631,617,-1,617,631,632,-1,617,632,618,-1,618,632,633,-1,618,633,619,-1,619,633,634,-1,619,634,620,-1,620,634,635,-1,620,635,621,-1,621,635,636,-1,621,636,622,-1,622,636,637,-1,622,637,623,-1,623,637,638,-1,624,639,625,-1,625,639,640,-1,625,640,626,-1,626,640,641,-1,626,641,627,-1,627,641,642,-1,627,642,628,-1,628,642,643,-1,628,643,629,-1,629,643,644,-1,629,644,630,-1,630,644,645,-1,630,645,631,-1,631,645,646,-1,631,646,632,-1,632,646,647,-1,632,647,633,-1,633,647,648,-1,633,648,634,-1,634,648,649,-1,634,649,635,-1,635,649,650,-1,635,650,636,-1,636,650,651,-1,636,651,637,-1,637,651,652,-1,637,652,638,-1,638,652,653,-1,639,654,640,-1,640,654,655,-1,640,655,641,-1,641,655,656,-1,641,656,642,-1,642,656,657,-1,642,657,643,-1,643,657,658,-1,643,658,644,-1,644,658,659,-1,644,659,645,-1,645,659,660,-1,645,660,646,-1,646,660,661,-1,646,661,647,-1,647,661,662,-1,647,662,648,-1,648,662,663,-1,648,663,649,-1,649,663,664,-1,649,664,650,-1,650,664,665,-1,650,665,651,-1,651,665,666,-1,651,666,652,-1,652,666,667,-1,652,667,653,-1,653,667,668,-1,669,670,671,-1,591,593,672,-1,594,591,673,-1,591,672,673,-1,673,672,674,-1,673,674,675,-1,674,676,675,-1,675,676,677,-1,675,677,678,-1,678,677,679,-1,678,679,680,-1,680,679,681,-1,680,681,682,-1,681,683,682,-1,682,683,684,-1,682,684,685,-1,685,684,686,-1,685,686,687,-1,687,686,688,-1,687,688,689,-1,688,690,689,-1,689,690,691,-1,689,691,692,-1,692,691,693,-1,692,693,694,-1,693,695,694,-1,694,695,696,-1,694,696,697,-1,697,696,698,-1,697,698,699,-1,698,700,699,-1,699,700,701,-1,699,701,702,-1,702,701,703,-1,702,703,704,-1,704,703,705,-1,704,705,706,-1,706,707,704,-1,704,707,708,-1,704,708,702,-1,702,708,709,-1,702,709,699,-1,699,709,710,-1,699,710,697,-1,697,710,711,-1,697,711,694,-1,694,711,712,-1,694,712,692,-1,692,712,713,-1,692,713,689,-1,689,713,714,-1,689,714,687,-1,687,714,715,-1,687,715,685,-1,685,715,716,-1,685,716,682,-1,682,716,717,-1,682,717,680,-1,680,717,718,-1,680,718,678,-1,678,718,719,-1,678,719,675,-1,675,719,720,-1,675,720,673,-1,673,720,721,-1,673,721,594,-1,594,721,609,-1,707,722,708,-1,708,722,723,-1,708,723,709,-1,709,723,724,-1,709,724,710,-1,710,724,725,-1,710,725,711,-1,711,725,726,-1,711,726,712,-1,712,726,727,-1,712,727,713,-1,713,727,728,-1,713,728,714,-1,714,728,729,-1,714,729,715,-1,715,729,730,-1,715,730,716,-1,716,730,731,-1,716,731,717,-1,717,731,732,-1,717,732,718,-1,718,732,733,-1,718,733,719,-1,719,733,734,-1,719,734,720,-1,720,734,735,-1,720,735,721,-1,721,735,736,-1,721,736,609,-1,609,736,624,-1,722,737,723,-1,723,737,738,-1,723,738,724,-1,724,738,739,-1,724,739,725,-1,725,739,740,-1,725,740,726,-1,726,740,741,-1,726,741,727,-1,727,741,742,-1,727,742,728,-1,728,742,743,-1,728,743,729,-1,729,743,744,-1,729,744,730,-1,730,744,745,-1,730,745,731,-1,731,745,746,-1,731,746,732,-1,732,746,747,-1,732,747,733,-1,733,747,748,-1,733,748,734,-1,734,748,749,-1,734,749,735,-1,735,749,750,-1,735,750,736,-1,736,750,751,-1,736,751,624,-1,624,751,639,-1,737,669,738,-1,738,669,671,-1,738,671,739,-1,739,671,752,-1,739,752,740,-1,740,752,753,-1,740,753,741,-1,741,753,754,-1,741,754,742,-1,742,754,755,-1,742,755,743,-1,743,755,756,-1,743,756,744,-1,744,756,757,-1,744,757,745,-1,745,757,758,-1,745,758,746,-1,746,758,759,-1,746,759,747,-1,747,759,760,-1,747,760,748,-1,748,760,761,-1,748,761,749,-1,749,761,762,-1,749,762,750,-1,750,762,763,-1,750,763,751,-1,751,763,764,-1,751,764,639,-1,639,764,654,-1,654,764,765,-1,765,764,763,-1,765,763,766,-1,766,763,762,-1,766,762,767,-1,767,762,761,-1,767,761,768,-1,768,761,760,-1,768,760,769,-1,769,760,759,-1,769,759,770,-1,770,759,758,-1,770,758,771,-1,771,758,757,-1,771,757,772,-1,772,757,756,-1,772,756,773,-1,773,756,755,-1,773,755,774,-1,774,755,754,-1,774,754,775,-1,775,754,753,-1,775,753,776,-1,776,753,752,-1,776,752,777,-1,777,752,671,-1,777,671,778,-1,778,671,670,-1,778,670,779,-1,780,781,782,-1,780,782,783,-1,782,784,783,-1,783,784,785,-1,783,785,786,-1,786,785,787,-1,786,787,788,-1,788,787,789,-1,789,790,788,-1,788,790,791,-1,788,791,792,-1,791,793,792,-1,792,793,794,-1,792,794,795,-1,795,794,796,-1,795,796,797,-1,796,798,797,-1,797,798,799,-1,797,799,800,-1,799,801,800,-1,800,801,802,-1,800,802,803,-1,802,804,803,-1,803,804,805,-1,803,805,806,-1,805,807,806,-1,806,807,808,-1,806,808,809,-1,809,808,810,-1,809,810,811,-1,811,810,812,-1,812,813,811,-1,811,813,814,-1,811,814,815,-1,554,553,816,-1,816,553,817,-1,816,817,818,-1,818,817,815,-1,818,815,819,-1,819,815,814,-1,553,608,817,-1,817,608,820,-1,817,820,815,-1,815,820,821,-1,815,821,811,-1,811,821,822,-1,811,822,809,-1,809,822,823,-1,809,823,806,-1,806,823,824,-1,806,824,803,-1,803,824,825,-1,803,825,800,-1,800,825,826,-1,800,826,797,-1,797,826,827,-1,797,827,795,-1,795,827,828,-1,795,828,792,-1,792,828,829,-1,792,829,788,-1,788,829,830,-1,788,830,786,-1,786,830,831,-1,786,831,783,-1,783,831,832,-1,783,832,780,-1,780,832,833,-1,608,623,820,-1,820,623,834,-1,820,834,821,-1,821,834,835,-1,821,835,822,-1,822,835,836,-1,822,836,823,-1,823,836,837,-1,823,837,824,-1,824,837,838,-1,824,838,825,-1,825,838,839,-1,825,839,826,-1,826,839,840,-1,826,840,827,-1,827,840,841,-1,827,841,828,-1,828,841,842,-1,828,842,829,-1,829,842,843,-1,829,843,830,-1,830,843,844,-1,830,844,831,-1,831,844,845,-1,831,845,832,-1,832,845,846,-1,832,846,833,-1,833,846,847,-1,623,638,834,-1,834,638,848,-1,834,848,835,-1,835,848,849,-1,835,849,836,-1,836,849,850,-1,836,850,837,-1,837,850,851,-1,837,851,838,-1,838,851,852,-1,838,852,839,-1,839,852,853,-1,839,853,840,-1,840,853,854,-1,840,854,841,-1,841,854,855,-1,841,855,842,-1,842,855,856,-1,842,856,843,-1,843,856,857,-1,843,857,844,-1,844,857,858,-1,844,858,845,-1,845,858,859,-1,845,859,846,-1,846,859,860,-1,846,860,847,-1,847,860,861,-1,638,653,848,-1,848,653,862,-1,848,862,849,-1,849,862,863,-1,849,863,850,-1,850,863,864,-1,850,864,851,-1,851,864,865,-1,851,865,852,-1,852,865,866,-1,852,866,853,-1,853,866,867,-1,853,867,854,-1,854,867,868,-1,854,868,855,-1,855,868,869,-1,855,869,856,-1,856,869,870,-1,856,870,857,-1,857,870,871,-1,857,871,858,-1,858,871,872,-1,858,872,859,-1,859,872,873,-1,859,873,860,-1,860,873,874,-1,860,874,861,-1,861,874,875,-1,653,668,862,-1,862,668,876,-1,862,876,863,-1,863,876,877,-1,863,877,864,-1,864,877,878,-1,864,878,865,-1,865,878,879,-1,865,879,866,-1,866,879,880,-1,866,880,867,-1,867,880,881,-1,867,881,868,-1,868,881,882,-1,868,882,869,-1,869,882,883,-1,869,883,870,-1,870,883,884,-1,870,884,871,-1,871,884,885,-1,871,885,872,-1,872,885,886,-1,872,886,873,-1,873,886,887,-1,873,887,874,-1,874,887,888,-1,874,888,875,-1,875,888,889,-1,707,706,890,-1,707,890,891,-1,890,892,891,-1,891,892,893,-1,891,893,894,-1,894,893,895,-1,894,895,896,-1,896,895,897,-1,897,898,896,-1,896,898,899,-1,896,899,900,-1,899,901,900,-1,900,901,902,-1,900,902,903,-1,903,902,904,-1,903,904,905,-1,904,906,905,-1,905,906,907,-1,905,907,908,-1,907,909,908,-1,908,909,910,-1,908,910,911,-1,910,912,911,-1,911,912,913,-1,911,913,914,-1,913,915,914,-1,914,915,916,-1,914,916,917,-1,917,916,918,-1,917,918,919,-1,919,918,920,-1,920,921,919,-1,919,921,922,-1,919,922,923,-1,924,925,926,-1,926,925,927,-1,926,927,928,-1,928,927,923,-1,928,923,929,-1,929,923,922,-1,925,930,927,-1,927,930,931,-1,927,931,923,-1,923,931,932,-1,923,932,919,-1,919,932,933,-1,919,933,917,-1,917,933,934,-1,917,934,914,-1,914,934,935,-1,914,935,911,-1,911,935,936,-1,911,936,908,-1,908,936,937,-1,908,937,905,-1,905,937,938,-1,905,938,903,-1,903,938,939,-1,903,939,900,-1,900,939,940,-1,900,940,896,-1,896,940,941,-1,896,941,894,-1,894,941,942,-1,894,942,891,-1,891,942,943,-1,891,943,707,-1,707,943,722,-1,930,944,931,-1,931,944,945,-1,931,945,932,-1,932,945,946,-1,932,946,933,-1,933,946,947,-1,933,947,934,-1,934,947,948,-1,934,948,935,-1,935,948,949,-1,935,949,936,-1,936,949,950,-1,936,950,937,-1,937,950,951,-1,937,951,938,-1,938,951,952,-1,938,952,939,-1,939,952,953,-1,939,953,940,-1,940,953,954,-1,940,954,941,-1,941,954,955,-1,941,955,942,-1,942,955,956,-1,942,956,943,-1,943,956,957,-1,943,957,722,-1,722,957,737,-1,944,958,945,-1,945,958,959,-1,945,959,946,-1,946,959,960,-1,946,960,947,-1,947,960,961,-1,947,961,948,-1,948,961,962,-1,948,962,949,-1,949,962,963,-1,949,963,950,-1,950,963,964,-1,950,964,951,-1,951,964,965,-1,951,965,952,-1,952,965,966,-1,952,966,953,-1,953,966,967,-1,953,967,954,-1,954,967,968,-1,954,968,955,-1,955,968,969,-1,955,969,956,-1,956,969,970,-1,956,970,957,-1,957,970,971,-1,957,971,737,-1,737,971,669,-1,958,972,959,-1,959,972,973,-1,959,973,960,-1,960,973,974,-1,960,974,961,-1,961,974,975,-1,961,975,962,-1,962,975,976,-1,962,976,963,-1,963,976,977,-1,963,977,964,-1,964,977,978,-1,964,978,965,-1,965,978,979,-1,965,979,966,-1,966,979,980,-1,966,980,967,-1,967,980,981,-1,967,981,968,-1,968,981,982,-1,968,982,969,-1,969,982,983,-1,969,983,970,-1,970,983,984,-1,970,984,971,-1,971,984,985,-1,971,985,669,-1,669,985,670,-1,972,986,973,-1,973,986,987,-1,973,987,974,-1,974,987,988,-1,974,988,975,-1,975,988,989,-1,975,989,976,-1,976,989,990,-1,976,990,977,-1,977,990,991,-1,977,991,978,-1,978,991,992,-1,978,992,979,-1,979,992,993,-1,979,993,980,-1,980,993,994,-1,980,994,981,-1,981,994,995,-1,981,995,982,-1,982,995,996,-1,982,996,983,-1,983,996,997,-1,983,997,984,-1,984,997,998,-1,984,998,985,-1,985,998,999,-1,985,999,670,-1,670,999,779,-1,1000,1001,1002,-1,1003,1004,1005,-1,1006,1007,1008,-1,1009,1010,1011,-1,1012,1013,1014,-1,1015,875,1016,-1,1016,875,889,-1,1017,1018,1019,-1,1019,1018,781,-1,1019,781,780,-1,1020,1017,1021,-1,1021,1017,1019,-1,1021,1019,1022,-1,1022,1019,780,-1,1022,780,833,-1,1023,1020,1024,-1,1024,1020,1021,-1,1024,1021,1025,-1,1025,1021,1022,-1,1025,1022,1026,-1,1026,1022,833,-1,1026,833,847,-1,1013,1023,1014,-1,1014,1023,1024,-1,1014,1024,1027,-1,1027,1024,1025,-1,1027,1025,1028,-1,1028,1025,1026,-1,1028,1026,1029,-1,1029,1026,847,-1,1029,847,861,-1,1030,1012,1031,-1,1031,1012,1014,-1,1031,1014,1032,-1,1032,1014,1027,-1,1032,1027,1033,-1,1033,1027,1028,-1,1033,1028,1034,-1,1034,1028,1029,-1,1034,1029,1015,-1,1015,1029,861,-1,1015,861,875,-1,1035,1030,1036,-1,1036,1030,1031,-1,1036,1031,1037,-1,1037,1031,1032,-1,1037,1032,1038,-1,1038,1032,1033,-1,1038,1033,1039,-1,1039,1033,1034,-1,1039,1034,1040,-1,1040,1034,1015,-1,1040,1015,1041,-1,1041,1015,1016,-1,1010,1035,1011,-1,1011,1035,1036,-1,1011,1036,1042,-1,1042,1036,1037,-1,1042,1037,1043,-1,1043,1037,1038,-1,1043,1038,1044,-1,1044,1038,1039,-1,1044,1039,1045,-1,1045,1039,1040,-1,1045,1040,1046,-1,1046,1040,1041,-1,1047,1009,1048,-1,1048,1009,1011,-1,1048,1011,1049,-1,1049,1011,1042,-1,1049,1042,1050,-1,1050,1042,1043,-1,1050,1043,1051,-1,1051,1043,1044,-1,1051,1044,1052,-1,1052,1044,1045,-1,1052,1045,1053,-1,1053,1045,1046,-1,1007,1047,1008,-1,1008,1047,1048,-1,1008,1048,1054,-1,1054,1048,1049,-1,1054,1049,1055,-1,1055,1049,1050,-1,1055,1050,1056,-1,1056,1050,1051,-1,1056,1051,1057,-1,1057,1051,1052,-1,1057,1052,1058,-1,1058,1052,1053,-1,1059,1006,1060,-1,1060,1006,1008,-1,1060,1008,1061,-1,1061,1008,1054,-1,1061,1054,1062,-1,1062,1054,1055,-1,1062,1055,1063,-1,1063,1055,1056,-1,1063,1056,1064,-1,1064,1056,1057,-1,1064,1057,1065,-1,1065,1057,1058,-1,1004,1059,1005,-1,1005,1059,1060,-1,1005,1060,1066,-1,1066,1060,1061,-1,1066,1061,1067,-1,1067,1061,1062,-1,1067,1062,1068,-1,1068,1062,1063,-1,1068,1063,1069,-1,1069,1063,1064,-1,1069,1064,1070,-1,1070,1064,1065,-1,1071,1003,1072,-1,1072,1003,1005,-1,1072,1005,1073,-1,1073,1005,1066,-1,1073,1066,1074,-1,1074,1066,1067,-1,1074,1067,1075,-1,1075,1067,1068,-1,1075,1068,1076,-1,1076,1068,1069,-1,1076,1069,1077,-1,1077,1069,1070,-1,1001,1071,1002,-1,1002,1071,1072,-1,1002,1072,1078,-1,1078,1072,1073,-1,1078,1073,1079,-1,1079,1073,1074,-1,1079,1074,1080,-1,1080,1074,1075,-1,1080,1075,1081,-1,1081,1075,1076,-1,1081,1076,1082,-1,1082,1076,1077,-1,1083,1084,1085,-1,1085,1084,1086,-1,1085,1086,1087,-1,1088,1083,1089,-1,1089,1083,1085,-1,1089,1085,1090,-1,1090,1085,1087,-1,1090,1087,1091,-1,1092,1088,1093,-1,1093,1088,1089,-1,1093,1089,1094,-1,1094,1089,1090,-1,1094,1090,1095,-1,1095,1090,1091,-1,1095,1091,1096,-1,1097,1092,1098,-1,1098,1092,1093,-1,1098,1093,1099,-1,1099,1093,1094,-1,1099,1094,1100,-1,1100,1094,1095,-1,1100,1095,1101,-1,1101,1095,1096,-1,1101,1096,1102,-1,1103,1000,1102,-1,1102,1000,1002,-1,1102,1002,1101,-1,1101,1002,1078,-1,1101,1078,1100,-1,1100,1078,1079,-1,1100,1079,1099,-1,1099,1079,1080,-1,1099,1080,1098,-1,1098,1080,1081,-1,1098,1081,1097,-1,1097,1081,1082,-1,1104,1103,1105,-1,1105,1103,1102,-1,1105,1102,1106,-1,1106,1102,1096,-1,1106,1096,1107,-1,1107,1096,1091,-1,1107,1091,1108,-1,1108,1091,1087,-1,1108,1087,1109,-1,1109,1087,1086,-1,1109,1086,1110,-1,1110,1086,1084,-1,1111,925,924,-1,924,1112,1111,-1,1111,1112,1113,-1,1111,1113,1114,-1,1113,1115,1114,-1,1114,1115,1116,-1,1114,1116,1117,-1,1116,1118,1117,-1,1117,1118,1119,-1,1117,1119,1120,-1,1120,1119,1121,-1,1120,1121,1122,-1,1121,1123,1122,-1,1122,1123,1124,-1,1122,1124,1125,-1,1125,1124,1126,-1,1126,1127,1125,-1,1125,1127,1128,-1,1125,1128,1129,-1,1128,1130,1129,-1,1129,1130,1131,-1,1129,1131,1132,-1,1132,1131,1133,-1,1132,1133,1134,-1,1133,1135,1134,-1,1134,1135,1136,-1,1134,1136,1137,-1,1136,1138,1137,-1,1137,1138,1139,-1,1137,1139,1140,-1,1139,1141,1140,-1,1140,1141,1142,-1,1140,1142,1143,-1,1143,1142,1144,-1,1143,1144,1145,-1,1144,1146,1145,-1,1145,1146,1147,-1,1145,1147,1105,-1,1105,1147,1148,-1,1105,1148,1104,-1,1105,1106,1145,-1,1145,1106,1149,-1,1145,1149,1143,-1,1143,1149,1150,-1,1143,1150,1140,-1,1140,1150,1151,-1,1140,1151,1137,-1,1137,1151,1152,-1,1137,1152,1134,-1,1134,1152,1153,-1,1134,1153,1132,-1,1132,1153,1154,-1,1132,1154,1129,-1,1129,1154,1155,-1,1129,1155,1125,-1,1125,1155,1156,-1,1125,1156,1122,-1,1122,1156,1157,-1,1122,1157,1120,-1,1120,1157,1158,-1,1120,1158,1117,-1,1117,1158,1159,-1,1117,1159,1114,-1,1114,1159,1160,-1,1114,1160,1111,-1,1111,1160,1161,-1,1111,1161,925,-1,925,1161,930,-1,1106,1107,1149,-1,1149,1107,1162,-1,1149,1162,1150,-1,1150,1162,1163,-1,1150,1163,1151,-1,1151,1163,1164,-1,1151,1164,1152,-1,1152,1164,1165,-1,1152,1165,1153,-1,1153,1165,1166,-1,1153,1166,1154,-1,1154,1166,1167,-1,1154,1167,1155,-1,1155,1167,1168,-1,1155,1168,1156,-1,1156,1168,1169,-1,1156,1169,1157,-1,1157,1169,1170,-1,1157,1170,1158,-1,1158,1170,1171,-1,1158,1171,1159,-1,1159,1171,1172,-1,1159,1172,1160,-1,1160,1172,1173,-1,1160,1173,1161,-1,1161,1173,1174,-1,1161,1174,930,-1,930,1174,944,-1,1107,1108,1162,-1,1162,1108,1175,-1,1162,1175,1163,-1,1163,1175,1176,-1,1163,1176,1164,-1,1164,1176,1177,-1,1164,1177,1165,-1,1165,1177,1178,-1,1165,1178,1166,-1,1166,1178,1179,-1,1166,1179,1167,-1,1167,1179,1180,-1,1167,1180,1168,-1,1168,1180,1181,-1,1168,1181,1169,-1,1169,1181,1182,-1,1169,1182,1170,-1,1170,1182,1183,-1,1170,1183,1171,-1,1171,1183,1184,-1,1171,1184,1172,-1,1172,1184,1185,-1,1172,1185,1173,-1,1173,1185,1186,-1,1173,1186,1174,-1,1174,1186,1187,-1,1174,1187,944,-1,944,1187,958,-1,1108,1109,1175,-1,1175,1109,1188,-1,1175,1188,1176,-1,1176,1188,1189,-1,1176,1189,1177,-1,1177,1189,1190,-1,1177,1190,1178,-1,1178,1190,1191,-1,1178,1191,1179,-1,1179,1191,1192,-1,1179,1192,1180,-1,1180,1192,1193,-1,1180,1193,1181,-1,1181,1193,1194,-1,1181,1194,1182,-1,1182,1194,1195,-1,1182,1195,1183,-1,1183,1195,1196,-1,1183,1196,1184,-1,1184,1196,1197,-1,1184,1197,1185,-1,1185,1197,1198,-1,1185,1198,1186,-1,1186,1198,1199,-1,1186,1199,1187,-1,1187,1199,1200,-1,1187,1200,958,-1,958,1200,972,-1,1109,1110,1188,-1,1188,1110,1201,-1,1188,1201,1189,-1,1189,1201,1202,-1,1189,1202,1190,-1,1190,1202,1203,-1,1190,1203,1191,-1,1191,1203,1204,-1,1191,1204,1192,-1,1192,1204,1205,-1,1192,1205,1193,-1,1193,1205,1206,-1,1193,1206,1194,-1,1194,1206,1207,-1,1194,1207,1195,-1,1195,1207,1208,-1,1195,1208,1196,-1,1196,1208,1209,-1,1196,1209,1197,-1,1197,1209,1210,-1,1197,1210,1198,-1,1198,1210,1211,-1,1198,1211,1199,-1,1199,1211,1212,-1,1199,1212,1200,-1,1200,1212,1213,-1,1200,1213,972,-1,972,1213,986,-1,
        ]
    }
}
Shape{
    appearance Appearance {
        material  Material 	{
            diffuseColor 1.0 1.0 1.0
            specularColor 0.5019607843137255 0.5019607843137255 0.5019607843137255
            ambientIntensity 1.0
            transparency 0.0
            shininess 0.5
        }
    }
    geometry IndexedFaceSet {
        ccw TRUE
        solid FALSE
        coord DEF co Coordinate {
            point [
                -0.7874 0.2362 0.0039, -0.7874 0.2362 0.0, -0.0204 0.2362 0.0039, 0.7874 0.2362 0.0, 0.7874 0.2362 0.0039, -0.6808 0.4412 0.0, -0.6759 0.4472 0.0, 0.6723 0.454 0.0, -0.6723 0.454 0.0, -0.67 0.4614 0.0, 0.7844 0.3334 0.0, 0.7866 0.326 0.0, 0.7874 0.3183 0.0, 0.7808 0.3402 0.0, -0.7844 0.3334 0.0, -0.7866 0.326 0.0, -0.7874 0.3183 0.0, -0.7808 0.3402 0.0, -0.7759 0.3462 0.0, -0.6299 0.7874 0.0, 0.6299 0.7874 0.0, 0.6693 0.4691 0.0, 0.6759 0.4472 0.0, 0.6808 0.4412 0.0, 0.7759 0.3462 0.0, -0.6387 0.7864 0.0, -0.6693 0.748 0.0, -0.6693 0.4691 0.0, 0.67 0.4614 0.0, 0.6654 0.7651 0.0, 0.6683 0.7568 0.0, 0.6693 0.748 0.0, 0.6387 0.7864 0.0, 0.647 0.7835 0.0, 0.6545 0.7788 0.0, -0.6654 0.7651 0.0, -0.6607 0.7726 0.0, -0.6683 0.7568 0.0, -0.6545 0.7788 0.0, -0.647 0.7835 0.0, 0.6607 0.7726 0.0, 0.7874 -0.2362 0.0039, 0.7874 -0.2362 0.0, -0.0204 -0.2362 0.0039, -0.7874 -0.2362 0.0, -0.7874 -0.2362 0.0039, 0.6808 -0.4412 0.0, 0.6759 -0.4472 0.0, -0.6723 -0.454 0.0, 0.6723 -0.454 0.0, 0.67 -0.4614 0.0, -0.67 -0.4614 0.0, 0.6693 -0.4691 0.0, -0.6693 -0.4691 0.0, 0.7866 -0.326 0.0, 0.7844 -0.3334 0.0, -0.6683 -0.7568 0.0, -0.6693 -0.748 0.0, -0.6299 -0.7874 0.0, -0.7759 -0.3462 0.0, -0.7808 -0.3402 0.0, -0.7874 -0.3183 0.0, -0.7844 -0.3334 0.0, -0.7866 -0.326 0.0, -0.6808 -0.4412 0.0, -0.6759 -0.4472 0.0, 0.7874 -0.3183 0.0, 0.7808 -0.3402 0.0, 0.7759 -0.3462 0.0, 0.6299 -0.7874 0.0, 0.6693 -0.748 0.0, 0.6683 -0.7568 0.0, 0.6654 -0.7651 0.0, 0.6607 -0.7726 0.0, 0.6545 -0.7788 0.0, 0.6387 -0.7864 0.0, 0.647 -0.7835 0.0, -0.6545 -0.7788 0.0, -0.647 -0.7835 0.0, -0.6387 -0.7864 0.0, -0.6607 -0.7726 0.0, -0.6654 -0.7651 0.0
            ]
        }
        coordIndex [
            0,1,2,-1,2,1,3,-1,2,3,4,-1,5,6,7,-1,7,6,8,-1,7,8,9,-1,10,11,12,-1,10,12,13,-1,14,7,15,-1,15,7,16,-1,14,17,7,-1,7,17,18,-1,7,18,5,-1,19,20,21,-1,16,7,1,-1,1,7,22,-1,1,22,3,-1,3,22,23,-1,3,23,12,-1,12,23,24,-1,12,24,13,-1,25,19,26,-1,26,19,27,-1,27,19,21,-1,27,21,9,-1,9,21,28,-1,9,28,7,-1,29,30,20,-1,20,30,31,-1,20,31,21,-1,32,33,34,-1,35,36,37,-1,37,36,38,-1,37,38,26,-1,26,38,39,-1,26,39,25,-1,32,34,20,-1,20,34,40,-1,20,40,29,-1,41,42,43,-1,43,42,44,-1,43,44,45,-1,46,47,48,-1,47,49,48,-1,48,49,50,-1,48,50,51,-1,51,50,52,-1,51,52,53,-1,54,55,48,-1,56,57,58,-1,59,60,61,-1,61,60,62,-1,61,62,63,-1,59,61,64,-1,64,61,44,-1,64,44,65,-1,65,44,42,-1,65,42,48,-1,48,42,66,-1,48,66,54,-1,55,67,48,-1,48,67,68,-1,48,68,46,-1,58,57,69,-1,53,52,57,-1,57,52,70,-1,57,70,69,-1,69,70,71,-1,69,71,72,-1,72,73,69,-1,69,73,74,-1,69,74,75,-1,75,74,76,-1,77,58,78,-1,78,58,79,-1,77,80,58,-1,58,80,81,-1,58,81,56,-1,
        ]
    }
}
Shape{
    appearance Appearance {
        material  Material 	{
            diffuseColor 0.25098039215686274 0.25098039215686274 0.25098039215686274
            specularColor 0.12549019607843137 0.12549019607843137 0.12549019607843137
            ambientIntensity 0.251
            transparency 0.0
            shininess 0.5
        }
    }
    geometry IndexedFaceSet {
        ccw TRUE
        solid FALSE
        coord DEF co Coordinate {
            point [
                -0.079 0.0201 0.0043, -0.0943 -0.0193 0.0043, -0.079 0.0201 0.0039, -0.0943 -0.0193 0.0039, -0.0886 -0.0193 0.0043, -0.0886 -0.0193 0.0039, -0.0846 -0.0082 0.0043, -0.0846 -0.0082 0.0039, -0.0683 -0.0082 0.0043, -0.0683 -0.0082 0.0039, -0.0646 -0.0193 0.0043, -0.0646 -0.0193 0.0039, -0.0588 -0.0193 0.0043, -0.0588 -0.0193 0.0039, -0.0737 0.0201 0.0043, -0.0737 0.0201 0.0039, -0.0696 -0.0039 0.0043, -0.0828 -0.0039 0.0043, -0.0755 0.0125 0.0043, -0.0759 0.0139 0.0043, -0.0761 0.0153 0.0043, -0.0763 0.0153 0.0043, -0.0765 0.0139 0.0043, -0.0769 0.0125 0.0043, -0.0696 -0.0039 0.0039, -0.0828 -0.0039 0.0039, -0.0755 0.0125 0.0039, -0.0759 0.0139 0.0039, -0.0761 0.0153 0.0039, -0.0763 0.0153 0.0039, -0.0765 0.0139 0.0039, -0.0769 0.0125 0.0039, -0.0349 -0.0193 0.0043, -0.0242 -0.0193 0.0043, -0.0349 -0.0193 0.0039, -0.0242 -0.0193 0.0039, -0.0242 0.0201 0.0043, -0.0242 0.0201 0.0039, -0.0353 0.0201 0.0043, -0.0353 0.0201 0.0039, -0.0559 0.0009 0.0043, -0.0559 0.0009 0.0039, -0.0556 0.0046 0.0039, -0.0556 0.0046 0.0043, -0.0546 0.0085 0.0039, -0.0546 0.0085 0.0043, -0.0527 0.0119 0.0039, -0.0527 0.0119 0.0043, -0.05 0.015 0.0039, -0.05 0.015 0.0043, -0.0499 0.015 0.0039, -0.0499 0.015 0.0043, -0.0456 0.0179 0.0039, -0.0456 0.0179 0.0043, -0.041 0.0195 0.0039, -0.041 0.0195 0.0043, -0.0398 -0.0189 0.0039, -0.0398 -0.0189 0.0043, -0.0443 -0.0175 0.0039, -0.0443 -0.0175 0.0043, -0.0484 -0.0151 0.0039, -0.0484 -0.0151 0.0043, -0.0517 -0.012 0.0039, -0.0517 -0.012 0.0043, -0.0539 -0.0085 0.0039, -0.0539 -0.0085 0.0043, -0.0554 -0.0044 0.0039, -0.0554 -0.0044 0.0043, -0.048 0.0103 0.0043, -0.0461 0.0123 0.0043, -0.0432 0.0141 0.0043, -0.04 0.0153 0.0043, -0.0353 0.0158 0.0043, -0.0295 0.0158 0.0043, -0.0295 -0.015 0.0043, -0.0351 -0.015 0.0043, -0.0392 -0.0146 0.0043, -0.0426 -0.0135 0.0043, -0.0452 -0.0119 0.0043, -0.0475 -0.0098 0.0043, -0.0491 -0.007 0.0043, -0.0503 -0.0033 0.0043, -0.0506 0.0008 0.0043, -0.0503 0.0047 0.0043, -0.0494 0.0078 0.0043, -0.0353 0.0158 0.0039, -0.0295 0.0158 0.0039, -0.04 0.0153 0.0039, -0.0432 0.0141 0.0039, -0.0461 0.0123 0.0039, -0.048 0.0103 0.0039, -0.0494 0.0078 0.0039, -0.0503 0.0047 0.0039, -0.0506 0.0008 0.0039, -0.0503 -0.0033 0.0039, -0.0491 -0.007 0.0039, -0.0475 -0.0098 0.0039, -0.0452 -0.0119 0.0039, -0.0426 -0.0135 0.0039, -0.0392 -0.0146 0.0039, -0.0351 -0.015 0.0039, -0.0295 -0.015 0.0039, -0.0165 -0.015 0.0043, -0.0165 -0.0193 0.0043, -0.0165 -0.015 0.0039, -0.0165 -0.0193 0.0039, 0.0046 -0.0193 0.0043, 0.0046 -0.0193 0.0039, 0.0046 0.0201 0.0043, 0.0046 0.0201 0.0039, -0.0156 0.0201 0.0043, -0.0156 0.0201 0.0039, -0.0156 0.0158 0.0043, -0.0156 0.0158 0.0039, -0.0007 0.0158 0.0043, -0.0007 0.0158 0.0039, -0.0007 0.0028 0.0043, -0.0007 0.0028 0.0039, -0.0146 0.0028 0.0043, -0.0146 0.0028 0.0039, -0.0146 -0.0015 0.0043, -0.0146 -0.0015 0.0039, -0.0007 -0.0015 0.0043, -0.0007 -0.0015 0.0039, -0.0007 -0.015 0.0043, -0.0007 -0.015 0.0039, 0.0123 -0.0129 0.0043, 0.0123 -0.0172 0.0043, 0.0123 -0.0129 0.0039, 0.0123 -0.0172 0.0039, 0.0165 -0.019 0.0043, 0.0231 -0.0198 0.0043, 0.0231 -0.0198 0.0039, 0.022 -0.0197 0.0039, 0.022 -0.0197 0.0043, 0.0204 -0.0195 0.0039, 0.0165 -0.019 0.0039, 0.0254 -0.0195 0.0039, 0.028 -0.0193 0.0043, 0.028 -0.0193 0.0039, 0.0318 -0.0179 0.0043, 0.0318 -0.0179 0.0039, 0.0349 -0.0159 0.0043, 0.0349 -0.0159 0.0039, 0.0379 -0.0128 0.0043, 0.0379 -0.0128 0.0039, 0.04 -0.0091 0.0043, 0.04 -0.0091 0.0039, 0.0412 -0.0049 0.0043, 0.0412 -0.0049 0.0039, 0.0416 -0.0003 0.0043, 0.0416 -0.0003 0.0039, 0.0215 0.0206 0.0043, 0.0215 0.0206 0.0039, 0.0255 0.0203 0.0039, 0.0255 0.0203 0.0043, 0.0299 0.019 0.0039, 0.0299 0.019 0.0043, 0.0336 0.0168 0.0039, 0.0336 0.0168 0.0043, 0.0372 0.0134 0.0039, 0.0372 0.0134 0.0043, 0.0395 0.0097 0.0039, 0.0395 0.0097 0.0043, 0.041 0.0053 0.0039, 0.041 0.0053 0.0043, 0.0123 0.019 0.0043, 0.0123 0.019 0.0039, 0.0168 0.0202 0.0039, 0.0168 0.0202 0.0043, 0.0123 0.0137 0.0043, 0.0123 0.0137 0.0039, 0.0215 0.0163 0.0043, 0.0215 0.0163 0.0039, 0.0167 0.0156 0.0039, 0.0167 0.0156 0.0043, 0.0363 -0.0 0.0043, 0.0363 -0.0 0.0039, 0.0361 0.0031 0.0039, 0.0361 0.0031 0.0043, 0.035 0.0073 0.0039, 0.035 0.0073 0.0043, 0.0334 0.0103 0.0039, 0.0334 0.0103 0.0043, 0.031 0.0129 0.0039, 0.031 0.0129 0.0043, 0.0283 0.0148 0.0039, 0.0283 0.0148 0.0043, 0.0254 0.0158 0.0039, 0.0254 0.0158 0.0043, 0.0224 -0.0154 0.0043, 0.0224 -0.0154 0.0039, 0.026 -0.015 0.0039, 0.026 -0.015 0.0043, 0.0289 -0.014 0.0039, 0.0289 -0.014 0.0043, 0.0313 -0.0123 0.0039, 0.0313 -0.0123 0.0043, 0.0332 -0.0104 0.0039, 0.0332 -0.0104 0.0043, 0.0348 -0.0077 0.0039, 0.0348 -0.0077 0.0043, 0.0359 -0.0043 0.0039, 0.0359 -0.0043 0.0043, 0.013 -0.0133 0.0039, 0.013 -0.0133 0.0043, 0.0171 -0.0149 0.0039, 0.0171 -0.0149 0.0043, 0.0449 -0.015 0.0043, 0.0449 -0.0193 0.0043, 0.0449 -0.015 0.0039, 0.0449 -0.0193 0.0039, 0.0651 -0.0193 0.0043, 0.0651 -0.0193 0.0039, 0.0651 0.0201 0.0043, 0.0651 0.0201 0.0039, 0.0598 0.0201 0.0043, 0.0598 0.0201 0.0039, 0.0598 -0.015 0.0043, 0.0598 -0.015 0.0039
            ]
        }
        coordIndex [
            0,1,2,-1,2,1,3,-1,1,4,3,-1,3,4,5,-1,4,6,5,-1,5,6,7,-1,6,8,7,-1,7,8,9,-1,8,10,9,-1,9,10,11,-1,10,12,11,-1,11,12,13,-1,12,14,13,-1,13,14,15,-1,14,0,15,-1,15,0,2,-1,16,8,17,-1,17,8,6,-1,18,14,16,-1,16,14,12,-1,16,12,8,-1,8,12,10,-1,18,19,14,-1,14,19,20,-1,14,20,0,-1,0,20,21,-1,0,21,22,-1,22,23,0,-1,0,23,17,-1,0,17,1,-1,1,17,6,-1,1,6,4,-1,16,17,24,-1,24,17,25,-1,18,16,26,-1,26,16,24,-1,18,26,27,-1,18,27,19,-1,19,27,28,-1,19,28,20,-1,21,20,29,-1,29,20,28,-1,21,29,30,-1,21,30,22,-1,22,30,31,-1,22,31,23,-1,17,23,25,-1,25,23,31,-1,32,33,34,-1,34,33,35,-1,33,36,35,-1,35,36,37,-1,36,38,37,-1,37,38,39,-1,40,41,42,-1,40,42,43,-1,43,42,44,-1,43,44,45,-1,45,44,46,-1,45,46,47,-1,47,46,48,-1,47,48,49,-1,49,48,50,-1,49,50,51,-1,51,50,52,-1,51,52,53,-1,53,52,54,-1,53,54,55,-1,55,54,39,-1,55,39,38,-1,32,34,56,-1,32,56,57,-1,57,56,58,-1,57,58,59,-1,59,58,60,-1,59,60,61,-1,61,60,62,-1,61,62,63,-1,63,62,64,-1,63,64,65,-1,65,64,66,-1,65,66,67,-1,67,66,41,-1,67,41,40,-1,45,47,68,-1,68,47,49,-1,68,49,69,-1,69,49,51,-1,69,51,70,-1,70,51,53,-1,70,53,71,-1,71,53,55,-1,71,55,72,-1,72,55,38,-1,72,38,73,-1,73,38,36,-1,73,36,74,-1,74,36,33,-1,74,33,75,-1,75,33,32,-1,75,32,76,-1,76,32,57,-1,76,57,77,-1,77,57,59,-1,77,59,78,-1,78,59,61,-1,78,61,79,-1,79,61,63,-1,79,63,80,-1,80,63,65,-1,80,65,81,-1,81,65,67,-1,81,67,82,-1,82,67,40,-1,82,40,83,-1,83,40,43,-1,83,43,84,-1,84,43,45,-1,84,45,68,-1,72,73,85,-1,85,73,86,-1,72,85,87,-1,72,87,71,-1,71,87,88,-1,71,88,70,-1,70,88,89,-1,70,89,69,-1,69,89,90,-1,69,90,68,-1,68,90,91,-1,68,91,84,-1,84,91,92,-1,84,92,83,-1,83,92,93,-1,83,93,82,-1,82,93,94,-1,82,94,81,-1,81,94,95,-1,81,95,80,-1,80,95,96,-1,80,96,79,-1,79,96,97,-1,79,97,78,-1,78,97,98,-1,78,98,77,-1,77,98,99,-1,77,99,76,-1,76,99,100,-1,76,100,75,-1,74,75,101,-1,101,75,100,-1,73,74,86,-1,86,74,101,-1,102,103,104,-1,104,103,105,-1,103,106,105,-1,105,106,107,-1,106,108,107,-1,107,108,109,-1,108,110,109,-1,109,110,111,-1,110,112,111,-1,111,112,113,-1,112,114,113,-1,113,114,115,-1,114,116,115,-1,115,116,117,-1,116,118,117,-1,117,118,119,-1,118,120,119,-1,119,120,121,-1,120,122,121,-1,121,122,123,-1,122,124,123,-1,123,124,125,-1,124,102,125,-1,125,102,104,-1,106,103,102,-1,102,124,106,-1,106,124,122,-1,106,122,108,-1,112,110,114,-1,114,110,108,-1,114,108,116,-1,116,108,122,-1,116,122,118,-1,118,122,120,-1,126,127,128,-1,128,127,129,-1,129,127,130,-1,131,132,133,-1,131,133,134,-1,134,133,135,-1,134,135,130,-1,130,135,136,-1,130,136,129,-1,132,131,137,-1,137,131,138,-1,137,138,139,-1,139,138,140,-1,139,140,141,-1,141,140,142,-1,141,142,143,-1,143,142,144,-1,143,144,145,-1,145,144,146,-1,145,146,147,-1,147,146,148,-1,147,148,149,-1,149,148,150,-1,149,150,151,-1,152,153,154,-1,152,154,155,-1,155,154,156,-1,155,156,157,-1,157,156,158,-1,157,158,159,-1,159,158,160,-1,159,160,161,-1,161,160,162,-1,161,162,163,-1,163,162,164,-1,163,164,165,-1,165,164,151,-1,165,151,150,-1,166,167,168,-1,166,168,169,-1,169,168,153,-1,169,153,152,-1,166,170,167,-1,167,170,171,-1,172,173,174,-1,172,174,175,-1,175,174,171,-1,175,171,170,-1,176,177,178,-1,176,178,179,-1,179,178,180,-1,179,180,181,-1,181,180,182,-1,181,182,183,-1,183,182,184,-1,183,184,185,-1,185,184,186,-1,185,186,187,-1,187,186,188,-1,187,188,189,-1,189,188,173,-1,189,173,172,-1,190,191,192,-1,190,192,193,-1,193,192,194,-1,193,194,195,-1,195,194,196,-1,195,196,197,-1,197,196,198,-1,197,198,199,-1,199,198,200,-1,199,200,201,-1,201,200,202,-1,201,202,203,-1,203,202,177,-1,203,177,176,-1,126,128,204,-1,126,204,205,-1,205,204,206,-1,205,206,207,-1,207,206,191,-1,207,191,190,-1,193,131,190,-1,190,131,134,-1,190,134,207,-1,207,134,130,-1,207,130,205,-1,205,130,127,-1,205,127,126,-1,170,166,175,-1,175,166,169,-1,175,169,172,-1,172,169,152,-1,172,152,189,-1,189,152,155,-1,189,155,187,-1,187,155,157,-1,187,157,185,-1,185,157,159,-1,185,159,183,-1,183,159,161,-1,183,161,181,-1,181,161,163,-1,181,163,179,-1,179,163,165,-1,179,165,176,-1,176,165,150,-1,176,150,203,-1,203,150,148,-1,203,148,201,-1,201,148,146,-1,201,146,199,-1,199,146,144,-1,199,144,197,-1,197,144,142,-1,197,142,195,-1,195,142,140,-1,195,140,193,-1,193,140,138,-1,193,138,131,-1,208,209,210,-1,210,209,211,-1,209,212,211,-1,211,212,213,-1,212,214,213,-1,213,214,215,-1,214,216,215,-1,215,216,217,-1,216,218,217,-1,217,218,219,-1,218,208,219,-1,219,208,210,-1,216,214,218,-1,218,214,212,-1,218,212,208,-1,208,212,209,-1,
        ]
    }
}
Shape{
    appearance Appearance {
        material  Material 	{
            diffuseColor 0.5019607843137255 0.5019607843137255 0.5019607843137255
            specularColor 0.25098039215686274 0.25098039215686274 0.25098039215686274
            ambientIntensity 0.502
            transparency 0.0
            shininess 0.5
        }
    }
    geometry IndexedFaceSet {
        ccw TRUE
        solid FALSE
        coord DEF co Coordinate {
            point [
                -0.0696 -0.0039 0.0039, -0.0828 -0.0039 0.0039, -0.0755 0.0125 0.0039, -0.0769 0.0125 0.0039, -0.0759 0.0139 0.0039, -0.0765 0.0139 0.0039, -0.0761 0.0153 0.0039, -0.0763 0.0153 0.0039, -0.0295 0.0158 0.0039, -0.0295 -0.015 0.0039, -0.0353 0.0158 0.0039, -0.0351 -0.015 0.0039, -0.0392 -0.0146 0.0039, -0.0506 0.0008 0.0039, -0.0503 0.0047 0.0039, -0.0494 0.0078 0.0039, -0.04 0.0153 0.0039, -0.0426 -0.0135 0.0039, -0.0452 -0.0119 0.0039, -0.0475 -0.0098 0.0039, -0.0491 -0.007 0.0039, -0.0503 -0.0033 0.0039, -0.048 0.0103 0.0039, -0.0461 0.0123 0.0039, -0.0432 0.0141 0.0039
            ]
        }
        coordIndex [
            0,1,2,-1,2,1,3,-1,2,3,4,-1,4,3,5,-1,4,5,6,-1,6,5,7,-1,8,9,10,-1,10,9,11,-1,10,11,12,-1,13,14,10,-1,10,14,15,-1,10,15,16,-1,12,17,10,-1,10,17,18,-1,10,18,19,-1,19,20,10,-1,10,20,21,-1,10,21,13,-1,22,23,15,-1,15,23,24,-1,15,24,16,-1,
        ]
    }
}
Shape{
    appearance Appearance {
        material  Material 	{
            diffuseColor 0.25098039215686274 0.25098039215686274 0.25098039215686274
            specularColor 0.12549019607843137 0.12549019607843137 0.12549019607843137
            ambientIntensity 0.251
            transparency 0.0
            shininess 0.5
        }
    }
    geometry IndexedFaceSet {
        ccw TRUE
        solid FALSE
        coord DEF co Coordinate {
            point [
                -0.1365 -0.2035 1.0272, -0.0837 -0.2035 1.0272, -0.1365 -0.2035 1.0276, -0.0837 -0.2035 1.0276, -0.1137 -0.2938 1.0272, -0.1137 -0.2938 1.0276, -0.1112 -0.2653 1.0276, -0.1112 -0.2653 1.0272, -0.1006 -0.2316 1.0276, -0.1006 -0.2316 1.0272, -0.0423 -0.3811 1.0272, -0.0423 -0.3811 1.0276, -0.0609 -0.3789 1.0276, -0.0609 -0.3789 1.0272, -0.0748 -0.3737 1.0276, -0.0748 -0.3737 1.0272, -0.0863 -0.3658 1.0276, -0.0863 -0.3658 1.0272, -0.0971 -0.3541 1.0276, -0.0971 -0.3541 1.0272, -0.1053 -0.3397 1.0276, -0.1053 -0.3397 1.0272, -0.1114 -0.3197 1.0276, -0.1114 -0.3197 1.0272, 0.0303 -0.2745 1.0272, 0.0303 -0.2745 1.0276, 0.0276 -0.3118 1.0276, 0.0276 -0.3118 1.0272, 0.0197 -0.3404 1.0276, 0.0197 -0.3404 1.0272, 0.0106 -0.3566 1.0276, 0.0106 -0.3566 1.0272, 0.0008 -0.3671 1.0276, 0.0008 -0.3671 1.0272, -0.0111 -0.3747 1.0276, -0.0111 -0.3747 1.0272, -0.0245 -0.3793 1.0276, -0.0245 -0.3793 1.0272, 0.0303 -0.2419 1.0272, 0.0303 -0.2419 1.0276, 0.0735 -0.2419 1.0272, 0.0735 -0.2419 1.0276, 0.0735 -0.2729 1.0272, 0.0735 -0.2729 1.0276, 0.1409 -0.3667 1.0272, 0.1409 -0.3667 1.0276, 0.1387 -0.3667 1.0276, 0.1387 -0.3667 1.0272, 0.121 -0.3643 1.0276, 0.121 -0.3643 1.0272, 0.1091 -0.3598 1.0276, 0.1091 -0.3598 1.0272, 0.109 -0.3597 1.0276, 0.109 -0.3597 1.0272, 0.0978 -0.3518 1.0276, 0.0978 -0.3518 1.0272, 0.0891 -0.3414 1.0276, 0.0891 -0.3414 1.0272, 0.0808 -0.3245 1.0276, 0.0808 -0.3245 1.0272, 0.0753 -0.3008 1.0276, 0.0753 -0.3008 1.0272, 0.2031 -0.2951 1.0272, 0.2031 -0.2951 1.0276, 0.2029 -0.3046 1.0276, 0.2029 -0.3046 1.0272, 0.199 -0.3274 1.0276, 0.199 -0.3274 1.0272, 0.193 -0.3413 1.0276, 0.193 -0.3413 1.0272, 0.188 -0.3484 1.0276, 0.188 -0.3484 1.0272, 0.1797 -0.3561 1.0276, 0.1797 -0.3561 1.0272, 0.1698 -0.3616 1.0276, 0.1698 -0.3616 1.0272, 0.1571 -0.3653 1.0276, 0.1571 -0.3653 1.0272, 0.1731 -0.2179 1.0272, 0.1731 -0.2179 1.0276, 0.1883 -0.2397 1.0276, 0.1883 -0.2397 1.0272, 0.1996 -0.2675 1.0276, 0.1996 -0.2675 1.0272, 0.2164 -0.2179 1.0272, 0.2164 -0.2179 1.0276, 0.2464 -0.3081 1.0272, 0.2464 -0.3081 1.0276, 0.2435 -0.2775 1.0276, 0.2435 -0.2775 1.0272, 0.2331 -0.2453 1.0276, 0.2331 -0.2453 1.0272, 0.1531 -0.4195 1.0272, 0.1531 -0.4195 1.0276, 0.1739 -0.4174 1.0276, 0.1739 -0.4174 1.0272, 0.1925 -0.411 1.0276, 0.1925 -0.411 1.0272, 0.2084 -0.4008 1.0276, 0.2084 -0.4008 1.0272, 0.2236 -0.385 1.0276, 0.2236 -0.385 1.0272, 0.2363 -0.3633 1.0276, 0.2363 -0.3633 1.0272, 0.2439 -0.3371 1.0276, 0.2439 -0.3371 1.0272, 0.0551 -0.3391 1.0272, 0.0551 -0.3391 1.0276, 0.0612 -0.3574 1.0276, 0.0612 -0.3574 1.0272, 0.0749 -0.3825 1.0276, 0.0749 -0.3825 1.0272, 0.089 -0.3981 1.0276, 0.089 -0.3981 1.0272, 0.1076 -0.4102 1.0276, 0.1076 -0.4102 1.0272, 0.1281 -0.417 1.0276, 0.1281 -0.417 1.0272, 0.0542 -0.3391 1.0272, 0.0542 -0.3391 1.0276, -0.0392 -0.4339 1.0272, -0.0392 -0.4339 1.0276, -0.0258 -0.4331 1.0276, -0.0258 -0.4331 1.0272, -0.0065 -0.4283 1.0276, -0.0065 -0.4283 1.0272, 0.0107 -0.4196 1.0276, 0.0107 -0.4196 1.0272, 0.0265 -0.406 1.0276, 0.0265 -0.406 1.0272, 0.039 -0.3891 1.0276, 0.039 -0.3891 1.0272, 0.0487 -0.3666 1.0276, 0.0487 -0.3666 1.0272, -0.1569 -0.2938 1.0272, -0.1569 -0.2938 1.0276, -0.1539 -0.3303 1.0276, -0.1539 -0.3303 1.0272, -0.1452 -0.3612 1.0276, -0.1452 -0.3612 1.0272, -0.1316 -0.3865 1.0276, -0.1316 -0.3865 1.0272, -0.113 -0.4075 1.0276, -0.113 -0.4075 1.0272, -0.091 -0.4225 1.0276, -0.091 -0.4225 1.0272, -0.0679 -0.4308 1.0276, -0.0679 -0.4308 1.0272, -0.146 -0.2235 1.0276, -0.146 -0.2235 1.0272, -0.154 -0.2544 1.0276, -0.154 -0.2544 1.0272, -0.033 -0.0901 1.0272, -0.1521 -0.1603 1.0272, -0.033 -0.0901 1.0276, -0.1521 -0.1603 1.0276, -0.1521 -0.1027 1.0272, -0.1521 -0.1027 1.0276, -0.0413 -0.0387 1.0272, -0.0413 -0.0387 1.0276, 0.0159 0.0344 1.0272, 0.0159 0.0344 1.0276, 0.0146 0.0202 1.0276, 0.0146 0.0202 1.0272, 0.0099 0.0062 1.0276, 0.0099 0.0062 1.0272, 0.0023 -0.0057 1.0276, 0.0023 -0.0057 1.0272, -0.0114 -0.0188 1.0276, -0.0114 -0.0188 1.0272, 0.0159 0.0702 1.0272, 0.0159 0.0702 1.0276, -0.1521 0.0702 1.0272, -0.1521 0.0702 1.0276, -0.1521 0.123 1.0272, -0.1521 0.123 1.0276, 0.2416 0.123 1.0272, 0.2416 0.123 1.0276, 0.2416 0.0043 1.0272, 0.2416 0.0043 1.0276, 0.1373 -0.1171 1.0272, 0.1373 -0.1171 1.0276, 0.1433 -0.1169 1.0276, 0.1433 -0.1169 1.0272, 0.1704 -0.1128 1.0276, 0.1704 -0.1128 1.0272, 0.19 -0.1047 1.0276, 0.19 -0.1047 1.0272, 0.2066 -0.0927 1.0276, 0.2066 -0.0927 1.0272, 0.22 -0.0772 1.0276, 0.22 -0.0772 1.0272, 0.2318 -0.0548 1.0276, 0.2318 -0.0548 1.0272, 0.2394 -0.0257 1.0276, 0.2394 -0.0257 1.0272, 0.032 -0.0317 1.0272, 0.032 -0.0317 1.0276, 0.0349 -0.0413 1.0276, 0.0349 -0.0413 1.0272, 0.0493 -0.0717 1.0276, 0.0493 -0.0717 1.0272, 0.0627 -0.0887 1.0276, 0.0627 -0.0887 1.0272, 0.0709 -0.0961 1.0276, 0.0709 -0.0961 1.0272, 0.0891 -0.1074 1.0276, 0.0891 -0.1074 1.0272, 0.1104 -0.1144 1.0276, 0.1104 -0.1144 1.0272, 0.0307 -0.0317 1.0272, 0.0307 -0.0317 1.0276, -0.0251 -0.0853 1.0276, -0.0251 -0.0853 1.0272, 0.0075 -0.0626 1.0276, 0.0075 -0.0626 1.0272, 0.0201 -0.0496 1.0276, 0.0201 -0.0496 1.0272, 0.0591 0.0119 1.0272, 0.0874 -0.0502 1.0272, 0.1023 -0.0587 1.0272, 0.1183 -0.0631 1.0272, 0.1329 -0.0642 1.0272, 0.075 -0.0382 1.0272, 0.0667 -0.0248 1.0272, 0.0612 -0.0084 1.0272, 0.15 -0.0626 1.0272, 0.1632 -0.0583 1.0272, 0.1742 -0.0514 1.0272, 0.1831 -0.0424 1.0272, 0.1903 -0.0309 1.0272, 0.1963 -0.0125 1.0272, 0.1983 0.0112 1.0272, 0.1983 0.0702 1.0272, 0.0591 0.0702 1.0272, 0.1983 0.0112 1.0276, 0.1983 0.0702 1.0276, 0.1963 -0.0125 1.0276, 0.1903 -0.0309 1.0276, 0.1831 -0.0424 1.0276, 0.1742 -0.0514 1.0276, 0.1632 -0.0583 1.0276, 0.15 -0.0626 1.0276, 0.1329 -0.0642 1.0276, 0.1183 -0.0631 1.0276, 0.1023 -0.0587 1.0276, 0.0874 -0.0502 1.0276, 0.075 -0.0382 1.0276, 0.0667 -0.0248 1.0276, 0.0612 -0.0084 1.0276, 0.0591 0.0119 1.0276, 0.0591 0.0702 1.0276, -0.1365 0.4399 1.0272, -0.0837 0.4399 1.0272, -0.1365 0.4399 1.0276, -0.0837 0.4399 1.0276, -0.1137 0.3496 1.0272, -0.1137 0.3496 1.0276, -0.1112 0.3781 1.0276, -0.1112 0.3781 1.0272, -0.1006 0.4118 1.0276, -0.1006 0.4118 1.0272, -0.0423 0.2622 1.0272, -0.0423 0.2622 1.0276, -0.0609 0.2644 1.0276, -0.0609 0.2644 1.0272, -0.0748 0.2696 1.0276, -0.0748 0.2696 1.0272, -0.0863 0.2776 1.0276, -0.0863 0.2776 1.0272, -0.0971 0.2893 1.0276, -0.0971 0.2893 1.0272, -0.1053 0.3036 1.0276, -0.1053 0.3036 1.0272, -0.1114 0.3236 1.0276, -0.1114 0.3236 1.0272, 0.0303 0.3688 1.0272, 0.0303 0.3688 1.0276, 0.0276 0.3316 1.0276, 0.0276 0.3316 1.0272, 0.0197 0.3029 1.0276, 0.0197 0.3029 1.0272, 0.0106 0.2867 1.0276, 0.0106 0.2867 1.0272, 0.0008 0.2763 1.0276, 0.0008 0.2763 1.0272, -0.0111 0.2686 1.0276, -0.0111 0.2686 1.0272, -0.0245 0.2641 1.0276, -0.0245 0.2641 1.0272, 0.0303 0.4015 1.0272, 0.0303 0.4015 1.0276, 0.0735 0.4015 1.0272, 0.0735 0.4015 1.0276, 0.0735 0.3705 1.0272, 0.0735 0.3705 1.0276, 0.1409 0.2766 1.0272, 0.1409 0.2766 1.0276, 0.1387 0.2767 1.0276, 0.1387 0.2767 1.0272, 0.121 0.2791 1.0276, 0.121 0.2791 1.0272, 0.1091 0.2836 1.0276, 0.1091 0.2836 1.0272, 0.109 0.2836 1.0276, 0.109 0.2836 1.0272, 0.0978 0.2916 1.0276, 0.0978 0.2916 1.0272, 0.0891 0.302 1.0276, 0.0891 0.302 1.0272, 0.0808 0.3188 1.0276, 0.0808 0.3188 1.0272, 0.0753 0.3426 1.0276, 0.0753 0.3426 1.0272, 0.2031 0.3483 1.0272, 0.2031 0.3483 1.0276, 0.2029 0.3388 1.0276, 0.2029 0.3388 1.0272, 0.199 0.316 1.0276, 0.199 0.316 1.0272, 0.193 0.3021 1.0276, 0.193 0.3021 1.0272, 0.188 0.295 1.0276, 0.188 0.295 1.0272, 0.1797 0.2873 1.0276, 0.1797 0.2873 1.0272, 0.1698 0.2818 1.0276, 0.1698 0.2818 1.0272, 0.1571 0.2781 1.0276, 0.1571 0.2781 1.0272, 0.1731 0.4255 1.0272, 0.1731 0.4255 1.0276, 0.1883 0.4036 1.0276, 0.1883 0.4036 1.0272, 0.1996 0.3759 1.0276, 0.1996 0.3759 1.0272, 0.2164 0.4255 1.0272, 0.2164 0.4255 1.0276, 0.2464 0.3352 1.0272, 0.2464 0.3352 1.0276, 0.2435 0.3658 1.0276, 0.2435 0.3658 1.0272, 0.2331 0.3981 1.0276, 0.2331 0.3981 1.0272, 0.1531 0.2238 1.0272, 0.1531 0.2238 1.0276, 0.1739 0.2259 1.0276, 0.1739 0.2259 1.0272, 0.1925 0.2323 1.0276, 0.1925 0.2323 1.0272, 0.2084 0.2426 1.0276, 0.2084 0.2426 1.0272, 0.2236 0.2584 1.0276, 0.2236 0.2584 1.0272, 0.2363 0.2801 1.0276, 0.2363 0.2801 1.0272, 0.2439 0.3063 1.0276, 0.2439 0.3063 1.0272, 0.0551 0.3043 1.0272, 0.0551 0.3043 1.0276, 0.0612 0.286 1.0276, 0.0612 0.286 1.0272, 0.0749 0.2608 1.0276, 0.0749 0.2608 1.0272, 0.089 0.2452 1.0276, 0.089 0.2452 1.0272, 0.1076 0.2332 1.0276, 0.1076 0.2332 1.0272, 0.1281 0.2263 1.0276, 0.1281 0.2263 1.0272, 0.0542 0.3043 1.0272, 0.0542 0.3043 1.0276, -0.0392 0.2094 1.0272, -0.0392 0.2094 1.0276, -0.0258 0.2102 1.0276, -0.0258 0.2102 1.0272, -0.0065 0.215 1.0276, -0.0065 0.215 1.0272, 0.0107 0.2238 1.0276, 0.0107 0.2238 1.0272, 0.0265 0.2374 1.0276, 0.0265 0.2374 1.0272, 0.039 0.2543 1.0276, 0.039 0.2543 1.0272, 0.0487 0.2767 1.0276, 0.0487 0.2767 1.0272, -0.1569 0.3496 1.0272, -0.1569 0.3496 1.0276, -0.1539 0.313 1.0276, -0.1539 0.313 1.0272, -0.1452 0.2822 1.0276, -0.1452 0.2822 1.0272, -0.1316 0.2569 1.0276, -0.1316 0.2569 1.0272, -0.113 0.2359 1.0276, -0.113 0.2359 1.0272, -0.091 0.2209 1.0276, -0.091 0.2209 1.0272, -0.0679 0.2126 1.0276, -0.0679 0.2126 1.0272, -0.146 0.4199 1.0276, -0.146 0.4199 1.0272, -0.154 0.3889 1.0276, -0.154 0.3889 1.0272
            ]
        }
        coordIndex [
            0,1,2,-1,2,1,3,-1,4,5,6,-1,4,6,7,-1,7,6,8,-1,7,8,9,-1,9,8,3,-1,9,3,1,-1,10,11,12,-1,10,12,13,-1,13,12,14,-1,13,14,15,-1,15,14,16,-1,15,16,17,-1,17,16,18,-1,17,18,19,-1,19,18,20,-1,19,20,21,-1,21,20,22,-1,21,22,23,-1,23,22,5,-1,23,5,4,-1,24,25,26,-1,24,26,27,-1,27,26,28,-1,27,28,29,-1,29,28,30,-1,29,30,31,-1,31,30,32,-1,31,32,33,-1,33,32,34,-1,33,34,35,-1,35,34,36,-1,35,36,37,-1,37,36,11,-1,37,11,10,-1,24,38,25,-1,25,38,39,-1,38,40,39,-1,39,40,41,-1,40,42,41,-1,41,42,43,-1,44,45,46,-1,44,46,47,-1,47,46,48,-1,47,48,49,-1,49,48,50,-1,49,50,51,-1,51,50,52,-1,51,52,53,-1,53,52,54,-1,53,54,55,-1,55,54,56,-1,55,56,57,-1,57,56,58,-1,57,58,59,-1,59,58,60,-1,59,60,61,-1,61,60,43,-1,61,43,42,-1,62,63,64,-1,62,64,65,-1,65,64,66,-1,65,66,67,-1,67,66,68,-1,67,68,69,-1,69,68,70,-1,69,70,71,-1,71,70,72,-1,71,72,73,-1,73,72,74,-1,73,74,75,-1,75,74,76,-1,75,76,77,-1,77,76,45,-1,77,45,44,-1,78,79,80,-1,78,80,81,-1,81,80,82,-1,81,82,83,-1,83,82,63,-1,83,63,62,-1,78,84,79,-1,79,84,85,-1,86,87,88,-1,86,88,89,-1,89,88,90,-1,89,90,91,-1,91,90,85,-1,91,85,84,-1,92,93,94,-1,92,94,95,-1,95,94,96,-1,95,96,97,-1,97,96,98,-1,97,98,99,-1,99,98,100,-1,99,100,101,-1,101,100,102,-1,101,102,103,-1,103,102,104,-1,103,104,105,-1,105,104,87,-1,105,87,86,-1,106,107,108,-1,106,108,109,-1,109,108,110,-1,109,110,111,-1,111,110,112,-1,111,112,113,-1,113,112,114,-1,113,114,115,-1,115,114,116,-1,115,116,117,-1,117,116,93,-1,117,93,92,-1,106,118,107,-1,107,118,119,-1,120,121,122,-1,120,122,123,-1,123,122,124,-1,123,124,125,-1,125,124,126,-1,125,126,127,-1,127,126,128,-1,127,128,129,-1,129,128,130,-1,129,130,131,-1,131,130,132,-1,131,132,133,-1,133,132,119,-1,133,119,118,-1,134,135,136,-1,134,136,137,-1,137,136,138,-1,137,138,139,-1,139,138,140,-1,139,140,141,-1,141,140,142,-1,141,142,143,-1,143,142,144,-1,143,144,145,-1,145,144,146,-1,145,146,147,-1,147,146,121,-1,147,121,120,-1,0,2,148,-1,0,148,149,-1,149,148,150,-1,149,150,151,-1,151,150,135,-1,151,135,134,-1,40,38,42,-1,42,38,24,-1,42,24,61,-1,61,24,27,-1,106,109,57,-1,57,109,55,-1,55,109,111,-1,55,111,53,-1,53,111,113,-1,53,113,51,-1,57,59,106,-1,106,59,61,-1,106,61,118,-1,118,61,27,-1,118,27,133,-1,133,27,29,-1,133,29,131,-1,131,29,31,-1,131,31,129,-1,129,31,33,-1,129,33,127,-1,127,33,35,-1,127,35,125,-1,125,35,37,-1,125,37,123,-1,123,37,10,-1,1,0,9,-1,9,0,149,-1,9,149,7,-1,7,149,151,-1,7,151,4,-1,4,151,134,-1,4,134,23,-1,23,134,137,-1,23,137,21,-1,21,137,139,-1,21,139,19,-1,19,139,141,-1,19,141,17,-1,17,141,143,-1,17,143,15,-1,15,143,145,-1,15,145,13,-1,13,145,147,-1,13,147,10,-1,10,147,120,-1,10,120,123,-1,51,113,49,-1,49,113,115,-1,49,115,47,-1,47,115,117,-1,47,117,44,-1,44,117,92,-1,44,92,77,-1,77,92,95,-1,77,95,75,-1,75,95,97,-1,75,97,73,-1,73,97,99,-1,73,99,71,-1,71,99,101,-1,71,101,69,-1,69,101,103,-1,69,103,67,-1,67,103,105,-1,67,105,65,-1,65,105,86,-1,65,86,62,-1,62,86,89,-1,62,89,83,-1,83,89,91,-1,83,91,81,-1,81,91,84,-1,81,84,78,-1,152,153,154,-1,154,153,155,-1,153,156,155,-1,155,156,157,-1,156,158,157,-1,157,158,159,-1,160,161,162,-1,160,162,163,-1,163,162,164,-1,163,164,165,-1,165,164,166,-1,165,166,167,-1,167,166,168,-1,167,168,169,-1,169,168,159,-1,169,159,158,-1,160,170,161,-1,161,170,171,-1,170,172,171,-1,171,172,173,-1,172,174,173,-1,173,174,175,-1,174,176,175,-1,175,176,177,-1,176,178,177,-1,177,178,179,-1,180,181,182,-1,180,182,183,-1,183,182,184,-1,183,184,185,-1,185,184,186,-1,185,186,187,-1,187,186,188,-1,187,188,189,-1,189,188,190,-1,189,190,191,-1,191,190,192,-1,191,192,193,-1,193,192,194,-1,193,194,195,-1,195,194,179,-1,195,179,178,-1,196,197,198,-1,196,198,199,-1,199,198,200,-1,199,200,201,-1,201,200,202,-1,201,202,203,-1,203,202,204,-1,203,204,205,-1,205,204,206,-1,205,206,207,-1,207,206,208,-1,207,208,209,-1,209,208,181,-1,209,181,180,-1,196,210,197,-1,197,210,211,-1,152,154,212,-1,152,212,213,-1,213,212,214,-1,213,214,215,-1,215,214,216,-1,215,216,217,-1,217,216,211,-1,217,211,210,-1,176,174,170,-1,170,174,172,-1,218,163,165,-1,219,203,205,-1,218,165,196,-1,219,205,220,-1,220,205,207,-1,220,207,221,-1,221,207,209,-1,221,209,222,-1,196,165,210,-1,210,165,167,-1,210,167,217,-1,217,167,169,-1,217,169,215,-1,215,169,158,-1,215,158,213,-1,213,158,152,-1,152,158,156,-1,152,156,153,-1,203,219,201,-1,201,219,223,-1,201,223,199,-1,199,223,224,-1,199,224,196,-1,196,224,225,-1,196,225,218,-1,209,180,222,-1,222,180,183,-1,222,183,226,-1,226,183,185,-1,226,185,227,-1,227,185,187,-1,227,187,228,-1,228,187,189,-1,228,189,229,-1,229,189,191,-1,229,191,230,-1,230,191,193,-1,230,193,231,-1,231,193,195,-1,231,195,232,-1,232,195,178,-1,232,178,233,-1,233,178,176,-1,233,176,234,-1,234,176,170,-1,234,170,218,-1,218,170,160,-1,218,160,163,-1,232,233,235,-1,235,233,236,-1,232,235,237,-1,232,237,231,-1,231,237,238,-1,231,238,230,-1,230,238,239,-1,230,239,229,-1,229,239,240,-1,229,240,228,-1,228,240,241,-1,228,241,227,-1,227,241,242,-1,227,242,226,-1,226,242,243,-1,226,243,222,-1,222,243,244,-1,222,244,221,-1,221,244,245,-1,221,245,220,-1,220,245,246,-1,220,246,219,-1,219,246,247,-1,219,247,223,-1,223,247,248,-1,223,248,224,-1,224,248,249,-1,224,249,225,-1,225,249,250,-1,225,250,218,-1,234,218,251,-1,251,218,250,-1,233,234,236,-1,236,234,251,-1,252,253,254,-1,254,253,255,-1,256,257,258,-1,256,258,259,-1,259,258,260,-1,259,260,261,-1,261,260,255,-1,261,255,253,-1,262,263,264,-1,262,264,265,-1,265,264,266,-1,265,266,267,-1,267,266,268,-1,267,268,269,-1,269,268,270,-1,269,270,271,-1,271,270,272,-1,271,272,273,-1,273,272,274,-1,273,274,275,-1,275,274,257,-1,275,257,256,-1,276,277,278,-1,276,278,279,-1,279,278,280,-1,279,280,281,-1,281,280,282,-1,281,282,283,-1,283,282,284,-1,283,284,285,-1,285,284,286,-1,285,286,287,-1,287,286,288,-1,287,288,289,-1,289,288,263,-1,289,263,262,-1,276,290,277,-1,277,290,291,-1,290,292,291,-1,291,292,293,-1,292,294,293,-1,293,294,295,-1,296,297,298,-1,296,298,299,-1,299,298,300,-1,299,300,301,-1,301,300,302,-1,301,302,303,-1,303,302,304,-1,303,304,305,-1,305,304,306,-1,305,306,307,-1,307,306,308,-1,307,308,309,-1,309,308,310,-1,309,310,311,-1,311,310,312,-1,311,312,313,-1,313,312,295,-1,313,295,294,-1,314,315,316,-1,314,316,317,-1,317,316,318,-1,317,318,319,-1,319,318,320,-1,319,320,321,-1,321,320,322,-1,321,322,323,-1,323,322,324,-1,323,324,325,-1,325,324,326,-1,325,326,327,-1,327,326,328,-1,327,328,329,-1,329,328,297,-1,329,297,296,-1,330,331,332,-1,330,332,333,-1,333,332,334,-1,333,334,335,-1,335,334,315,-1,335,315,314,-1,330,336,331,-1,331,336,337,-1,338,339,340,-1,338,340,341,-1,341,340,342,-1,341,342,343,-1,343,342,337,-1,343,337,336,-1,344,345,346,-1,344,346,347,-1,347,346,348,-1,347,348,349,-1,349,348,350,-1,349,350,351,-1,351,350,352,-1,351,352,353,-1,353,352,354,-1,353,354,355,-1,355,354,356,-1,355,356,357,-1,357,356,339,-1,357,339,338,-1,358,359,360,-1,358,360,361,-1,361,360,362,-1,361,362,363,-1,363,362,364,-1,363,364,365,-1,365,364,366,-1,365,366,367,-1,367,366,368,-1,367,368,369,-1,369,368,345,-1,369,345,344,-1,358,370,359,-1,359,370,371,-1,372,373,374,-1,372,374,375,-1,375,374,376,-1,375,376,377,-1,377,376,378,-1,377,378,379,-1,379,378,380,-1,379,380,381,-1,381,380,382,-1,381,382,383,-1,383,382,384,-1,383,384,385,-1,385,384,371,-1,385,371,370,-1,386,387,388,-1,386,388,389,-1,389,388,390,-1,389,390,391,-1,391,390,392,-1,391,392,393,-1,393,392,394,-1,393,394,395,-1,395,394,396,-1,395,396,397,-1,397,396,398,-1,397,398,399,-1,399,398,373,-1,399,373,372,-1,252,254,400,-1,252,400,401,-1,401,400,402,-1,401,402,403,-1,403,402,387,-1,403,387,386,-1,292,290,294,-1,294,290,276,-1,294,276,313,-1,313,276,279,-1,358,361,309,-1,309,361,307,-1,307,361,363,-1,307,363,305,-1,305,363,365,-1,305,365,303,-1,309,311,358,-1,358,311,313,-1,358,313,370,-1,370,313,279,-1,370,279,385,-1,385,279,281,-1,385,281,383,-1,383,281,283,-1,383,283,381,-1,381,283,285,-1,381,285,379,-1,379,285,287,-1,379,287,377,-1,377,287,289,-1,377,289,375,-1,375,289,262,-1,253,252,261,-1,261,252,401,-1,261,401,259,-1,259,401,403,-1,259,403,256,-1,256,403,386,-1,256,386,275,-1,275,386,389,-1,275,389,273,-1,273,389,391,-1,273,391,271,-1,271,391,393,-1,271,393,269,-1,269,393,395,-1,269,395,267,-1,267,395,397,-1,267,397,265,-1,265,397,399,-1,265,399,262,-1,262,399,372,-1,262,372,375,-1,303,365,301,-1,301,365,367,-1,301,367,299,-1,299,367,369,-1,299,369,296,-1,296,369,344,-1,296,344,329,-1,329,344,347,-1,329,347,327,-1,327,347,349,-1,327,349,325,-1,325,349,351,-1,325,351,323,-1,323,351,353,-1,323,353,321,-1,321,353,355,-1,321,355,319,-1,319,355,357,-1,319,357,317,-1,317,357,338,-1,317,338,314,-1,314,338,341,-1,314,341,335,-1,335,341,343,-1,335,343,333,-1,333,343,336,-1,333,336,330,-1,
        ]
    }
}
Shape{
    appearance Appearance {
        material  Material 	{
            diffuseColor 0.5019607843137255 0.5019607843137255 0.5019607843137255
            specularColor 0.25098039215686274 0.25098039215686274 0.25098039215686274
            ambientIntensity 0.502
            transparency 0.0
            shininess 0.5
        }
    }
    geometry IndexedFaceSet {
        ccw TRUE
        solid FALSE
        coord DEF co Coordinate {
            point [
                0.1983 0.0702 1.0276, 0.0591 0.0702 1.0276, 0.1983 0.0112 1.0276, 0.0591 0.0119 1.0276, 0.1183 -0.0631 1.0276, 0.1329 -0.0642 1.0276, 0.15 -0.0626 1.0276, 0.0612 -0.0084 1.0276, 0.0667 -0.0248 1.0276, 0.075 -0.0382 1.0276, 0.1831 -0.0424 1.0276, 0.1742 -0.0514 1.0276, 0.1632 -0.0583 1.0276, 0.1903 -0.0309 1.0276, 0.1963 -0.0125 1.0276, 0.0874 -0.0502 1.0276, 0.1023 -0.0587 1.0276
            ]
        }
        coordIndex [
            0,1,2,-1,2,1,3,-1,4,5,2,-1,2,5,6,-1,3,7,2,-1,2,7,8,-1,2,8,9,-1,10,6,11,-1,11,6,12,-1,10,13,6,-1,6,13,14,-1,6,14,2,-1,9,15,2,-1,2,15,16,-1,2,16,4,-1,
        ]
    }
}